{
  "train": {
    "accuracy": 0.8980582524271845,
    "precision": 0.9019607843137255,
    "recall": 0.8932038834951457,
    "f1_score": 0.8975609756097561,
    "roc_auc": 0.9244980676783863
  },
  "validation": {
    "accuracy": 0.8636363636363636,
    "precision": 0.9,
    "recall": 0.8181818181818182,
    "f1_score": 0.8571428571428571,
    "roc_auc": 0.8429752066115703
  },
  "test": {
    "accuracy": 0.8888888888888888,
    "precision": 0.8695652173913043,
    "recall": 0.9090909090909091,
    "f1_score": 0.8888888888888888,
    "roc_auc": 0.9426877470355732
  }
}