{
  "promedio_acumulado": {
    "P10": 3.1454796390503885,
    "P50": 3.9004541718805505,
    "P90": 4.706934265499081
  },
  "nota_algoritmos": {
    "P10": 3.0277604050603246,
    "P50": 3.9194193132020345,
    "P90": 4.810304195127122
  },
  "nota_bases_datos": {
    "P10": 3.1584856873419445,
    "P50": 3.932280830029087,
    "P90": 4.683757052525365
  },
  "horas_estudio_semana": {
    "P10": 6.5801604500841675,
    "P50": 16.80692277233784,
    "P90": 28.76514213723004
  }
}