,Media,Moda
uso_para_codigo,0.4797297297297297,0
uso_para_teoria,0.5540540540540541,1
proyectos_personales,0.49324324324324326,0
