{
  "promedio_acumulado": {
    "Q1": 3.4486450093433954,
    "Q3": 4.405353545006251,
    "IQR": 0.9567085356628553
  },
  "nota_algoritmos": {
    "Q1": 3.389978730831462,
    "Q3": 4.464943316474268,
    "IQR": 1.0749645856428058
  },
  "nota_bases_datos": {
    "Q1": 3.483801224152522,
    "Q3": 4.399997663038696,
    "IQR": 0.9161964388861739
  },
  "horas_estudio_semana": {
    "Q1": 10.855992141120995,
    "Q3": 23.819995170087292,
    "IQR": 12.964003028966298
  }
}