frecuencia_uso_ia,0,1
A_veces,3.530662165230842,4.298232794966663
Frecuente,3.6164213345480256,4.235095560543133
Nunca,3.5475047255894596,4.30946968441722
