,Media,Mediana,Moda
promedio_acumulado,3.9207398377748914,3.9004541718805505,5.0
nota_algoritmos,3.9177517891443303,3.9194193132020345,5.0
nota_bases_datos,3.9237158703830786,3.932280830029087,5.0
horas_estudio_semana,17.497856210335783,16.80692277233784,2.0
