anio,unidad,ingresos_totales,gastos_personal,liquidez,dias_efectivo,cfo,participacion_ley30,participacion_regalias,participacion_servicios,participacion_matriculas,hhi_fuentes,endeudamiento,tendencia_ingresos,gp_ratio,label,cluster_kmeans,cluster_dbscan,cluster_subtractive,cluster_fcm,fcm_mu_cluster_0,fcm_mu_cluster_1,fcm_mu_cluster_2,fcm_mu_cluster_3,fcm_mu_cluster_4,fcm_mu_cluster_5,fcm_mu_cluster_6,fcm_mu_cluster_7,fcm_mu_cluster_8,fcm_mu_cluster_9,fcm_mu_cluster_10,fcm_mu_cluster_11,fcm_mu_cluster_12,fcm_mu_cluster_13,fcm_mu_cluster_14,fcm_mu_cluster_15,fcm_mu_cluster_16,fcm_mu_cluster_17,fcm_mu_cluster_18,fcm_mu_cluster_19,fcm_mu_cluster_20,fcm_mu_cluster_21,fcm_mu_cluster_22,fcm_mu_cluster_23,fcm_mu_cluster_24,fcm_mu_cluster_25,fcm_mu_cluster_26,fcm_mu_cluster_27,fcm_mu_cluster_28,fcm_mu_cluster_29,fcm_mu_cluster_30,fcm_mu_cluster_31,fcm_mu_cluster_32,fcm_mu_cluster_33,fcm_mu_cluster_34,fcm_mu_cluster_35,fcm_mu_cluster_36,fcm_mu_cluster_37,fcm_mu_cluster_38,fcm_mu_cluster_39,fcm_mu_cluster_40,fcm_mu_cluster_41,fcm_mu_cluster_42,fcm_mu_cluster_43,fcm_mu_cluster_44,fcm_mu_cluster_45,fcm_mu_cluster_46,fcm_mu_cluster_47,fcm_mu_cluster_48,fcm_mu_cluster_49,fcm_mu_cluster_50,fcm_mu_cluster_51,fcm_mu_cluster_52,fcm_mu_cluster_53,fcm_mu_cluster_54,fcm_mu_cluster_55,fcm_mu_cluster_56,fcm_mu_cluster_57,fcm_mu_cluster_58,fcm_mu_cluster_59,fcm_mu_cluster_60,fcm_mu_cluster_61,fcm_mu_cluster_62,fcm_mu_cluster_63,fcm_mu_cluster_64,fcm_mu_cluster_65,fcm_mu_cluster_66,fcm_mu_cluster_67,fcm_mu_cluster_68,fcm_mu_cluster_69,fcm_mu_cluster_70,fcm_mu_cluster_71,fcm_mu_cluster_72,fcm_mu_cluster_73,fcm_mu_cluster_74,fcm_mu_cluster_75,fcm_mu_cluster_76,fcm_mu_cluster_77,fcm_mu_cluster_78,fcm_mu_cluster_79
2016,Facultad de Ingeniería,184908925565.2797,78204055230.45029,1.8052943056192088,93.5744253904058,4134823981.829304,0.3641489249025996,0.0298741057216381,0.1910699874015732,0.246057461483886,0.2590590767077234,0.3456869896915058,0.0321727706847118,0.4229328302642771,0,1,-1,30,30,1.9682879572762276e-33,2.1541016027952636e-33,2.881514609127307e-33,1.5753903001915244e-33,9.297242790162937e-34,2.9593440068993836e-33,1.1046336006372833e-33,1.2679848721565456e-33,1.7848435908212616e-33,1.1288479439882804e-33,1.3965889583001612e-33,1.2165000667994488e-33,8.182132639083783e-34,2.172736913659934e-33,1.5497642454239208e-33,1.842981658219197e-33,1.416060165180486e-33,1.1399078043980449e-33,1.0557102330732454e-33,6.343490280888619e-34,7.593354386378731e-34,1.0358867500556018e-33,1.002044568773001e-33,8.178353037951756e-34,1.6802697336038662e-33,1.5547860956322276e-33,3.5309372618710564e-33,1.4141226081320525e-33,7.21857844995477e-34,2.5457229858704697e-33,1.0,1.700099266191658e-33,1.2451082485769873e-33,1.1071142847698968e-33,9.96331414171836e-34,1.174348603412699e-33,1.5462175586423203e-33,8.691171182586263e-34,1.4416141912434482e-33,1.2325949117364736e-33,1.4558180459383114e-33,1.6261403864422178e-33,1.1974391715944382e-33,1.0108627028769439e-33,1.0076192022520621e-33,1.142008814013875e-33,1.7150893596897024e-33,1.6530207013478796e-33,1.468981469330856e-33,1.3346337298971686e-33,2.133634139333108e-33,1.2849544902816214e-33,1.0114029786536692e-33,9.907967063763845e-34,1.3382665416309583e-33,9.432027049262532e-34,1.4791399384461692e-33,1.3186399889644629e-33,1.0884971353264426e-33,1.5969314856346933e-33,2.0452219500040396e-33,1.6667136797990618e-33,1.5632036912978838e-33,1.1414591236608496e-33,1.4945984028781488e-33,1.5578679214209836e-33,1.576648014535751e-33,1.6233250204447824e-33,2.0731799725042092e-33,1.2156253721817862e-33,1.675175038440103e-33,2.4655273718435437e-33,1.5097652925765255e-33,1.4232444301889331e-33,1.2563072812889627e-33,1.487876986467707e-33,1.5792547627543105e-33,2.9953611518475752e-33,1.197819894068923e-33,1.805435699112435e-33
2017,Facultad de Ingeniería,166353159058.12463,89905141605.03621,1.7188302992282547,74.76548533220137,4558966627.773841,0.3232824362190741,0.1041186016545091,0.3293393044486893,0.2201621559151551,0.2728214637178576,0.4429894860716994,0.0300460959734695,0.5404474559669943,1,1,-1,48,48,1.5258106777803627e-33,2.1724935040154006e-33,2.240312388693681e-33,1.8802377046893923e-33,1.1829114223640368e-33,1.879660112764458e-33,1.4394210812283831e-33,1.4994537607003005e-33,1.460918547433817e-33,1.4227950536971042e-33,1.739762653710754e-33,1.6927401948631754e-33,1.40065299814458e-33,3.451374850906383e-33,1.3137865947800792e-33,1.1012528995984154e-33,1.3831903010382073e-33,9.431568446655516e-34,1.4094657692973264e-33,8.461943635087655e-34,9.83685235528681e-34,1.1365477531460735e-33,2.3916290222298632e-33,1.2338001833338774e-33,1.3862841330651649e-33,1.1157934250405454e-33,1.9859999875321052e-33,1.1914650959522671e-33,1.1039930298501735e-33,1.6661290157646136e-33,1.468981469330856e-33,1.0702622179586603e-33,1.1881805095556626e-33,2.187602341718504e-33,9.80622578734537e-34,1.6185529301782278e-33,1.7594046924915643e-33,1.4686369728947178e-33,1.0759492138348402e-33,1.5531918466363998e-33,1.0610331588787396e-33,1.751450050581501e-33,1.4706060984323288e-33,1.7355487778286743e-33,1.671702755103616e-33,1.3925217646399316e-33,1.8154245798398392e-33,9.778097134177821e-34,1.0,1.9665307482257406e-33,1.0404157250669146e-33,1.260451471374368e-33,1.7140433922102497e-33,1.9571290915575726e-33,2.439580910264007e-33,1.2650013694238225e-33,2.763356606268067e-33,1.6000059084244453e-33,1.1353565459989187e-33,1.437044714125385e-33,1.4190644538774663e-33,1.758964713978301e-33,1.8710441649780944e-33,1.4442672677557863e-33,1.26537095633743e-33,1.946684563328913e-33,1.3694109764952827e-33,2.0244733347699455e-33,1.6711499258275912e-33,1.2518226261782333e-33,1.3294913229579353e-33,3.982868215114779e-33,1.9008100978760884e-33,2.511276663337563e-33,1.5097684298456028e-33,1.6313181383221985e-33,1.742513770145542e-33,1.925976229369733e-33,1.6584301203705413e-33,1.7633502855307714e-33
2018,Facultad de Ingeniería,162984532328.04852,81819035583.14615,1.323888653539236,98.43431030597569,-17233736179.580048,0.2969122552070157,0.054887612589388,0.0800705447269637,0.1091386758196061,0.3201647369841567,,-0.0430214165487475,0.5020049106160833,1,1,-1,17,17,1.262812379331313e-33,1.1584571767555572e-33,1.021774865780073e-33,1.1227912794962582e-33,1.0187582021413722e-33,1.3711117682696094e-33,8.516309146906055e-34,1.3576465885274012e-33,1.4172769530901703e-33,8.103283319427118e-34,8.888135237565129e-34,8.948608273099247e-34,7.308786264425542e-34,9.99928278302868e-34,9.944314144942386e-34,8.996180589462087e-34,1.0791279864254445e-33,1.0,8.635862229296248e-34,1.6993920879737076e-33,2.0405991914665818e-33,9.537844327032243e-34,1.2403823335376648e-33,9.942098313749467e-34,1.0346987765100104e-33,1.6040092700963496e-33,1.1070291362137171e-33,1.376085449068256e-33,7.621370132207297e-34,8.579965238815341e-34,1.1399078043980449e-33,2.2269172776043118e-33,9.795293460558487e-34,7.458598350093952e-34,8.409523942118545e-34,1.2152618347327354e-33,9.816336992898346e-34,8.544260729985915e-34,1.400345234565343e-33,1.185129549281872e-33,1.9990488353421057e-33,1.1193871646947071e-33,1.4160536948973415e-33,8.364599950319048e-34,1.4815878646502127e-33,1.2393659751308937e-33,1.0631692849146916e-33,1.0345060443843467e-33,9.431568446655516e-34,1.1286137469520413e-33,8.848120016455981e-34,2.2261576573681802e-33,7.563196260005686e-34,7.0446761704158075e-34,9.66595217205046e-34,9.108563859028346e-34,8.710625021179327e-34,1.1337370360949475e-33,9.67410904172292e-34,1.0572590338547242e-33,9.847167564037481e-34,9.506684165093412e-34,8.620107248758697e-34,7.517336194858048e-34,2.0939161130711005e-33,1.4557696425580518e-33,1.409158186888788e-33,9.653333142505001e-34,1.5571052187440433e-33,1.0390437688618647e-33,1.0419028642641794e-33,1.0877401851052031e-33,8.892561992705211e-34,9.70076340709533e-34,1.1208681284197042e-33,1.5155471190304601e-33,1.3267197717494654e-33,1.1818707004196695e-33,1.0364219062659406e-33,1.1169712668166802e-33
2019,Facultad de Ingeniería,152736632689.66312,84236771007.45686,1.8831732052571133,70.61722682490331,18277718039.49787,0.3636902931202528,0.066771781019996,0.219408475276059,0.275694610637509,0.2664172428058243,0.4702988804749877,-0.0249395879145183,0.5515164864123512,0,1,-1,13,13,1.5460006806098205e-33,3.384226336859374e-33,2.195970228600358e-33,1.9943649232354584e-33,1.1261340320339408e-33,2.087367420414902e-33,1.4148527099719802e-33,1.5988801474852234e-33,1.5872291039082824e-33,1.146112873860977e-33,1.3501782348613875e-33,1.1787319912956133e-33,1.0220611247150955e-33,1.0,1.0776464464296455e-33,1.2449586197346485e-33,1.2965117673729987e-33,9.99928278302868e-34,2.190703982367545e-33,9.90167492060805e-34,1.0541427484704708e-33,1.0398822183626449e-33,1.5775888324306063e-33,1.781677668094682e-33,1.898561832416179e-33,1.3289512300521793e-33,2.012397627428543e-33,1.9739098302257396e-33,8.514570972119972e-34,2.1787562077571872e-33,2.172736913659934e-33,1.253877047489463e-33,1.653536979479022e-33,1.584611610569249e-33,1.2554375535667334e-33,1.426710067642913e-33,1.5781072477922104e-33,1.5362766480814916e-33,1.0302217795322929e-33,1.5350410515086679e-33,1.2031350434195409e-33,1.4229633990057433e-33,1.3188250784877213e-33,1.597891872368857e-33,1.2503256709146122e-33,1.152430656115491e-33,2.8496322308194003e-33,1.2831948011901858e-33,3.451374850906383e-33,2.2893644444090305e-33,1.0193262522591981e-33,1.5179060628826712e-33,1.2800098788103626e-33,1.637403781745645e-33,2.8049772567303357e-33,1.4684870572524746e-33,2.1134404313927846e-33,1.1503936416309239e-33,1.7500744043966102e-33,1.5125178619163924e-33,1.4761408212636323e-33,2.6586190703481923e-33,1.5022386321465985e-33,9.80498426642094e-34,1.18569995321569e-33,1.688275234546905e-33,1.2536520066996864e-33,2.0852946475020937e-33,1.7330985638413908e-33,1.2506227294990442e-33,1.385257627971059e-33,3.3966514962578814e-33,1.4874791387270173e-33,2.0260053545416736e-33,1.382970162910757e-33,2.2421415442723143e-33,1.93353920260082e-33,3.0029777698393645e-33,1.4393826135211649e-33,1.8609661270320564e-33
2020,Facultad de Ingeniería,172868788412.39478,98845423596.11948,1.0004271498652284,92.13108454441632,13292013158.99182,0.4177443090990554,0.0899128827406693,0.2734696334852868,0.1490916514301123,0.2844780562184949,0.4211417595605494,0.0241304447417068,0.5717945067117287,1,1,-1,22,22,1.4287653079742472e-33,1.7391797556144194e-33,1.8532497580958938e-33,1.4689351244378417e-33,1.6015248665610942e-33,1.6781491726731775e-33,1.0171422774900562e-33,2.6875362276614952e-33,3.208113699035453e-33,1.6510452583068183e-33,1.7089736431163078e-33,1.689164073259187e-33,1.1570454789848614e-33,1.5775888324306063e-33,1.091269897575211e-33,9.605334241712946e-34,1.819826389652672e-33,1.2403823335376648e-33,1.297861772914712e-33,1.0153718404774247e-33,1.454062001652385e-33,1.1508153528698433e-33,1.0,1.5361645668338866e-33,1.6413940381582525e-33,2.221195683948626e-33,1.344034408411639e-33,1.6765132254809886e-33,2.1916474441900967e-33,1.1228429714668306e-33,1.002044568773001e-33,1.561100540373693e-33,1.433034824391344e-33,1.5287992553604845e-33,1.481821466962756e-33,1.4995574368716243e-33,2.0474122528158604e-33,2.1397794083761832e-33,1.012697561951462e-33,1.5773222851414267e-33,2.245364803385844e-33,1.3859767968535034e-33,1.776438850320325e-33,1.2656234215889371e-33,2.584607629577113e-33,2.6188312022094434e-33,1.9211057640327032e-33,1.0886496721458851e-33,2.3916290222298632e-33,2.07093828605412e-33,1.0613609356593325e-33,2.0317140132787487e-33,1.4222886957660553e-33,1.176141956322071e-33,2.8386117781054614e-33,1.7228757983365183e-33,2.034062577840825e-33,2.0601162651824433e-33,1.6266564452172045e-33,1.4555393548891617e-33,1.011043950308436e-33,1.3008898858412387e-33,1.7949711496506153e-33,1.4358712603956134e-33,2.5581888626009865e-33,3.517690195439032e-33,2.5967094508738058e-33,1.992218305997002e-33,3.086246990152011e-33,1.1226491615780119e-33,1.7370492889804145e-33,1.7668123253867752e-33,1.3241031118510303e-33,1.6042360186330907e-33,1.693084812291889e-33,2.0860031206121263e-33,2.0883698530498884e-33,1.9004236382782866e-33,1.8365686678880022e-33,1.769471284256793e-33
2021,Facultad de Ingeniería,170917957588.87988,100258608118.94786,1.315355978287264,80.97222789212236,8913080223.272886,0.283442250787836,0.0832440809819905,0.1651398476758482,0.0950759859983023,0.2627816931045558,0.3677307169518314,0.0858142968511971,0.586589083635708,1,1,-1,44,44,2.0102801802973642e-33,1.9209651902664352e-33,1.7227395931716192e-33,2.086309857149621e-33,1.887467749468105e-33,2.6565996972785802e-33,2.2605237201302698e-33,3.0338766972410578e-33,1.629643558562499e-33,1.2936671458374817e-33,2.0143061141964398e-33,1.532043328576734e-33,1.5770351783249378e-33,1.2503256709146122e-33,1.2618644785287836e-33,1.1028063958220172e-33,3.171210754808344e-33,1.4815878646502127e-33,1.4139149244194209e-33,1.4497466527404333e-33,2.1462368192587183e-33,1.630772558760058e-33,2.584607629577113e-33,2.3838814265451197e-33,1.920415760862823e-33,1.6719630025321087e-33,1.26554908371526e-33,1.3156947347947326e-33,2.2655548530822903e-33,1.1282464646729467e-33,1.0076192022520621e-33,1.6763607778329473e-33,1.5678056038853602e-33,1.7638227850579742e-33,1.2553839579562611e-33,1.612238499986544e-33,1.792156679258322e-33,1.595541568962406e-33,1.3750435944247622e-33,3.0766083280891675e-33,1.9345992572455866e-33,1.4909149450874973e-33,3.410620143657163e-33,1.4470755202687708e-33,1.0,3.7807950147214545e-33,1.2541477517890507e-33,1.517528238696031e-33,1.671702755103616e-33,2.28811573116532e-33,1.3050438465301294e-33,3.308359608291751e-33,2.1316563476199864e-33,1.3049527334458963e-33,1.8928914103463517e-33,1.9931619575471676e-33,2.2362183876491733e-33,1.7967880447926208e-33,1.8856733443023398e-33,1.3559915129904538e-33,1.0727289319106528e-33,1.9207900071782396e-33,2.1979973916417548e-33,1.730572375428429e-33,2.390664430002595e-33,1.896746592586043e-33,2.2306847894608386e-33,2.9664966392461103e-33,2.487786881041476e-33,1.769223163356913e-33,2.3391209358909138e-33,1.6631992405440535e-33,1.2408834144853829e-33,1.7742495457760084e-33,2.177813421701935e-33,2.5480409592716647e-33,2.4660320179140937e-33,1.5967799860145027e-33,4.261401518863953e-33,2.3272986877175387e-33
2022,Facultad de Ingeniería,168466708271.0406,93764804459.5067,0.9898916466782232,118.08469064075364,11326319716.957417,0.2657048799436566,0.0453507602655908,0.1593738434452415,0.2634845343835274,0.2382816463130257,0.4960164434037306,0.0236822082261488,0.5565776492091931,1,1,-1,32,32,2.2705425408653777e-33,2.086598925877329e-33,2.6954095629750267e-33,2.3601757926684248e-33,1.9759095946513998e-33,2.0853716279653424e-33,1.711140926737372e-33,1.4910564250721527e-33,1.389120045819491e-33,2.1564903148862874e-33,1.8681182090325686e-33,1.1742963529451082e-33,1.4698290679606245e-33,1.653536979479022e-33,1.2557430649923365e-33,1.470925736820739e-33,1.974135690210561e-33,9.795293460558487e-34,1.6534633092584423e-33,9.50048472163281e-34,1.3517602539928899e-33,1.7617866099047963e-33,1.433034824391344e-33,2.276102549435099e-33,1.9936972767525065e-33,1.4638434557248472e-33,1.0212654505398871e-33,1.7596113998142617e-33,1.9195082642543415e-33,1.0332736224964304e-33,1.2451082485769873e-33,1.9961375414444526e-33,1.0,1.341339247485716e-33,2.086171973665461e-33,1.6218281000711423e-33,1.9338020068563315e-33,2.3533013043269244e-33,1.9396701000211815e-33,1.5231527703598353e-33,1.9170223695349834e-33,1.1700640486058846e-33,1.2869297963583481e-33,1.5759806290457534e-33,1.5678056038853602e-33,1.1372207526293604e-33,1.6615630332053405e-33,1.809307919345337e-33,1.1881805095556626e-33,1.477838608593142e-33,1.4475691188344103e-33,2.1904405083590367e-33,1.977623197842844e-33,1.2668029867200708e-33,1.405629072715279e-33,3.551439752323016e-33,1.829473579248962e-33,1.4177577521871603e-33,1.9114681355728462e-33,1.781107934323846e-33,1.664352149108927e-33,1.4441443385085578e-33,1.4470013683676162e-33,1.437793589597284e-33,1.0490543702505079e-33,1.3288175374819968e-33,1.204131497703394e-33,1.809113458314788e-33,1.3457264053482363e-33,1.990497935743146e-33,2.7035465105509318e-33,1.4367193958476113e-33,1.5507157802612076e-33,1.2773896298733842e-33,1.4240307136312315e-33,2.9676857043379953e-33,1.9167710987107395e-33,2.9723930346467412e-33,2.3750446566451877e-33,2.1397200360346195e-33
2023,Facultad de Ingeniería,171339712261.73602,112901246195.93803,1.2783748458121014,55.5027045055618,8566619224.657822,0.2960411782713723,0.0728410937854366,0.1211056034239775,0.2084905854188207,0.2419963341065992,0.4060299214854815,-0.0197345342822716,0.6589321570907727,1,1,-1,23,23,1.2308219859973044e-33,1.7384572285651093e-33,1.4100442193326255e-33,1.8555338666438814e-33,1.3586568847048046e-33,1.4317634120487523e-33,1.8311646464842302e-33,1.922699046268829e-33,1.0493164419506139e-33,9.882174689007941e-34,1.3058536478473154e-33,9.240521357277044e-34,1.4744450248656441e-33,1.781677668094682e-33,8.199396886129838e-34,1.0438095885920396e-33,1.368816375245561e-33,9.942098313749467e-34,1.7570547472249533e-33,1.590903335330235e-33,1.4080058365306017e-33,1.3520982592432166e-33,1.5361645668338866e-33,1.0,1.441416654268911e-33,1.0881141276752127e-33,7.895207096892244e-34,1.5586483998460863e-33,1.1736410393617216e-33,9.250626582027354e-34,8.178353037951756e-34,1.3430660237553526e-33,2.276102549435099e-33,1.3870734078566372e-33,1.2809153483593393e-33,1.55682358679011e-33,1.2730747528417317e-33,1.866851822551722e-33,1.095238306538961e-33,1.603497962724867e-33,1.2216675240820405e-33,1.2646838926158243e-33,1.4698518335874813e-33,1.4648049747024372e-33,2.3838814265451197e-33,1.3450684979956216e-33,1.683356534971723e-33,1.2713086025998936e-33,1.2338001833338774e-33,1.5893957463411037e-33,7.934269919710119e-34,2.2026359659257657e-33,1.4332921750943957e-33,1.1505868040849633e-33,1.6946324564779363e-33,2.9101406300377975e-33,1.754222156968715e-33,1.073391198609971e-33,2.826624861516517e-33,1.1598047155770926e-33,1.0620337357965896e-33,1.6494192509407106e-33,1.1555674213729672e-33,9.65290898977419e-34,1.0264052315450263e-33,1.1796464328900634e-33,1.2083917075839214e-33,2.1568333146803318e-33,1.4692709302510312e-33,1.623841367505878e-33,1.7164358973767594e-33,1.2322547368373872e-33,8.582607056843295e-34,1.3716429970335032e-33,1.364764692798081e-33,2.7867716555334047e-33,1.5777382862916388e-33,1.7243061262536777e-33,2.2072205830077502e-33,1.6085505755918263e-33
2024,Facultad de Ingeniería,168213524094.487,91962499983.26688,0.772001314366346,104.18975036425134,7863329552.152785,0.33506244947837,0.0802547810791274,0.2339370428048,0.1251620611962156,0.2399877466096606,0.5687529073910629,0.1215468155287737,0.5467009889859435,1,1,-1,28,28,1.4605617007347682e-33,1.2918172419720036e-33,1.4080701649107229e-33,1.3242465068537198e-33,2.631487502364422e-33,1.5307042999434367e-33,1.1957223815065552e-33,1.568564188093934e-33,1.2897585905484221e-33,1.568122587681341e-33,1.6949974423553697e-33,1.4013641699632186e-33,1.414868539230576e-33,8.514570972119972e-34,9.545046778919514e-34,7.057067137489637e-34,2.0517325945486223e-33,7.621370132207297e-34,1.2592028447129051e-33,6.857517754272914e-34,1.3274530979764432e-33,1.4423034005109387e-33,2.1916474441900967e-33,1.1736410393617216e-33,1.5479728433200683e-33,1.378100284755899e-33,8.791361203645638e-34,1.1482502440821619e-33,1.0,6.684320964685936e-34,7.21857844995477e-34,9.930134990132961e-34,1.9195082642543415e-33,1.433527476832631e-33,1.1540484293846463e-33,1.0611481300663928e-33,1.4573835456586335e-33,2.3327702843812983e-33,1.0566780319836244e-33,1.3682648959826209e-33,1.749165372907568e-33,9.12521298796002e-34,1.2681503007403935e-33,1.1933548649113738e-33,2.2655548530822903e-33,1.5328982440223733e-33,8.302618074087985e-34,1.0814611217147553e-33,1.1039930298501735e-33,1.729767206926039e-33,1.145448761901037e-33,1.6030302395952206e-33,1.5564517724406976e-33,1.4167671590768929e-33,1.3045678270686959e-33,1.9249378673358427e-33,1.4410415199823594e-33,1.278697647988146e-33,1.3045439770683648e-33,1.1927515471114235e-33,8.521056154495537e-34,9.300451445083611e-34,1.4186449501102476e-33,1.4261605079761718e-33,1.182204151513811e-33,1.4151479413403496e-33,1.1699572514762238e-33,1.5472583156475207e-33,1.2867199934419385e-33,1.3960572462798008e-33,1.6293373990510943e-33,1.0903822247446532e-33,1.3544691287404475e-33,1.1384819925690064e-33,1.6044482017567664e-33,1.389211581492172e-33,1.982923775851649e-33,1.2777840293636493e-33,1.9176066123842938e-33,1.5864253424665e-33
2025,Facultad de Ingeniería,186669848767.06537,97254669294.58565,1.4858805119463838,145.04553453162595,11239676542.986418,0.3299870072432586,0.069486945957436,0.1918038034236763,0.1401071412489639,0.2422926437351181,0.3554850232480702,0.0754589969486714,0.5209982754951722,0,1,-1,16,16,2.2815295505193774e-33,2.9970053328214597e-33,2.8354026341524214e-33,2.2199252059597185e-33,1.7889762444466694e-33,2.7486025715280416e-33,1.6012998477438118e-33,3.0861137661917165e-33,2.075176476001966e-33,2.1485468513792476e-33,1.966688160351456e-33,1.553982205427203e-33,1.9419107197807765e-33,1.2965117673729987e-33,1.22267516371658e-33,1.5644795648740263e-33,1.0,1.0791279864254445e-33,1.2908145435274507e-33,7.727229346108322e-34,1.6749958241288925e-33,1.6979996453996548e-33,1.819826389652672e-33,1.368816375245561e-33,2.7874848137639446e-33,1.8726825315361127e-33,1.714822153365703e-33,1.0975294984520763e-33,2.0517325945486223e-33,1.3582318229034133e-33,1.416060165180486e-33,1.550179076714501e-33,1.974135690210561e-33,1.207941966628503e-33,1.948446976219637e-33,1.5518199442505645e-33,4.809636712513932e-33,1.661868346095043e-33,2.0016345074630938e-33,2.6790417067158456e-33,2.165772912632132e-33,1.4453043143080965e-33,3.867370192227698e-33,1.1925506546335906e-33,3.171210754808344e-33,4.569751236285801e-33,1.3038593549312683e-33,1.4415992601927593e-33,1.3831903010382073e-33,1.8022162719736156e-33,2.083673110696276e-33,1.9832039654810205e-33,3.241631400845471e-33,1.29716783448871e-33,1.758945698025585e-33,1.9372847339673057e-33,1.692260332530527e-33,1.9179775076817424e-33,1.5783383089427154e-33,2.2918555356606383e-33,1.296814294764016e-33,2.3058557188155925e-33,2.917084501811597e-33,1.742328946045224e-33,2.2349319968848054e-33,1.5388776033742873e-33,1.9449051797816106e-33,2.63684876894036e-33,2.455156771532234e-33,1.6711892496664344e-33,5.0601413655657776e-33,1.9205078224019628e-33,1.623673192839447e-33,1.5246801426977176e-33,1.7423161881567567e-33,1.930268900857908e-33,3.6159765899257195e-33,2.4349919612630612e-33,2.94608602941279e-33,2.2526020831733727e-33
2016,Ciencias Económicas,112796893471.00256,57697505446.5357,1.7686718409687652,102.05680225320756,6299227711.793105,0.3565107477078985,0.085345972901087,0.2366382488627058,0.2022619481964017,0.2455103175187036,0.4165016716161784,0.0178917572906259,0.511516795108975,0,0,-1,71,71,3.614021351820886e-33,5.490952924433993e-33,3.016682258777474e-33,4.37552496836723e-33,1.5645192981158717e-33,5.59403025160018e-33,1.6265699474667046e-33,1.601247521624665e-33,1.669715634435233e-33,1.965983056318528e-33,1.958668962275654e-33,3.132692455287566e-33,1.2696259838834e-33,3.3966514962578814e-33,1.8615966481948195e-33,1.597587459038671e-33,1.9205078224019628e-33,1.0877401851052031e-33,1.688368816879893e-33,8.816146610646987e-34,1.2434314924903494e-33,1.3070542345226536e-33,1.7668123253867752e-33,1.2322547368373872e-33,2.0862463776399995e-33,1.785337377377301e-33,5.782994874502892e-33,1.7527938342728564e-33,1.0903822247446532e-33,2.9576855979217772e-33,2.4655273718435437e-33,1.5249233292749443e-33,1.4367193958476113e-33,2.7436789817780314e-33,1.3332060017760274e-33,3.0001881311476177e-33,2.6029613189721894e-33,1.2800878019366442e-33,1.5271478450188758e-33,3.3528103631734634e-33,1.6531298056139355e-33,1.9016208640224096e-33,2.3042962253148986e-33,2.5781242491147895e-33,1.6631992405440535e-33,1.5712896347497756e-33,2.0275982602622564e-33,1.418842205431872e-33,3.982868215114779e-33,3.1952169448680025e-33,1.8819782265022693e-33,1.9050988039426176e-33,1.7300161771098588e-33,2.3047665084197063e-33,2.302116343016082e-33,1.4975713037831132e-33,4.065598410431136e-33,2.3477620741775092e-33,1.1285897958114824e-33,2.775500642600365e-33,1.6380382111129858e-33,4.487117808172232e-33,3.1031039036767215e-33,1.9215727483476034e-33,2.0712120227970363e-33,3.391900397161441e-33,1.5401457961658638e-33,2.8251298803020785e-33,2.0452844965814174e-33,1.5901903226533696e-33,1.7924783602435576e-33,1.0,4.5383156730915144e-33,2.852553178045848e-33,1.9530440485416275e-33,3.0132104951603392e-33,3.169243951735781e-33,2.287478819632545e-33,2.5700619768962058e-33,3.986035324585804e-33
2017,Ciencias Económicas,100420775869.84166,58253117931.75008,1.3547337990799495,116.2372382246916,-16629382569.323437,0.294017246453908,0.0633588459080333,0.2476928083001605,0.158773017609055,0.2327917225372883,0.372545922053905,-0.0473093545004245,0.5800902993146922,0,0,-1,35,35,3.163407252583482e-33,2.4139652953558743e-33,1.9104605051939658e-33,3.638953490752625e-33,1.863304725309005e-33,2.3586933374337435e-33,1.63682090434296e-33,1.472738158283835e-33,1.1831865137181257e-33,2.0356872312784633e-33,2.1333959060056158e-33,1.6464956118077196e-33,1.6024184375285514e-33,1.426710067642913e-33,2.1932812555424136e-33,1.5219363075266216e-33,1.5518199442505645e-33,1.2152618347327354e-33,1.6409190740723707e-33,1.1549853688156635e-33,1.2759776206044494e-33,2.2261018352311913e-33,1.4995574368716243e-33,1.55682358679011e-33,1.2335896565932513e-33,1.3624032177264818e-33,1.455658995306249e-33,1.4088903897721262e-33,1.0611481300663928e-33,1.5851570766194564e-33,1.174348603412699e-33,1.9414116721111413e-33,1.6218281000711423e-33,1.631894571568251e-33,1.2454908811181742e-33,1.0,2.3779998939504424e-33,1.4060125801517808e-33,2.1962237782974126e-33,2.1764740804465947e-33,1.8939018004390585e-33,1.808457665471216e-33,2.7363154199895362e-33,2.4353976922829706e-33,1.612238499986544e-33,1.3250907396913103e-33,1.592203087998567e-33,1.282565915988975e-33,1.6185529301782278e-33,1.6860799064331912e-33,1.29305561820648e-33,2.0304289040162366e-33,1.7850176483256084e-33,1.4181478615304443e-33,1.2725643838651215e-33,2.5770699966740985e-33,2.2297410463770224e-33,2.7342944008936868e-33,1.1185449853509197e-33,2.7458052072309776e-33,1.9287372733054846e-33,2.4600802273512344e-33,1.7138289390192575e-33,2.0665227977152277e-33,1.774031679880115e-33,2.050464117007425e-33,1.4957688789804032e-33,2.113116917838933e-33,1.5307369208240122e-33,2.0601238751350752e-33,1.5363818515952027e-33,3.0001881311476177e-33,2.4783312602170308e-33,2.6165610753439702e-33,2.2053110431191906e-33,3.190434445018965e-33,2.3624845179066293e-33,1.6820518993765634e-33,3.0596110004146405e-33,3.165007208364939e-33
2018,Ciencias Económicas,111713700402.77003,55897899296.51482,1.5035612413191564,90.06054403857645,8826307762.798704,,0.0545120685295529,0.1675504161340756,0.1769951764810467,0.2467206391090731,0.3938325794620841,0.0739092564777927,0.5003674490683041,1,0,-1,5,5,8.345422350620061e-33,5.208164493019301e-33,3.436960793593827e-33,4.4657782996399524e-33,2.411473163824524e-33,1.0,2.6799797452933725e-33,1.9689585274005878e-33,1.979296872100844e-33,2.07532759236397e-33,3.133850828015188e-33,2.7442759433261976e-33,1.2110128723465246e-33,2.087367420414902e-33,2.6134474442036996e-33,1.648811292005278e-33,2.7486025715280416e-33,1.3711117682696094e-33,1.9977087741013737e-33,1.0848611516989037e-33,1.5853324603212202e-33,1.9081858231752926e-33,1.6781491726731775e-33,1.4317634120487523e-33,3.769726857942709e-33,3.166441123712684e-33,4.232576689041033e-33,2.617598764911908e-33,1.5307042999434367e-33,2.700113684637395e-33,2.9593440068993836e-33,2.2962295773379352e-33,2.0853716279653424e-33,2.950273290212906e-33,1.392116333613102e-33,2.3586933374337435e-33,2.788388612258248e-33,1.3296089235014673e-33,1.8529064431480475e-33,4.3839868192593964e-33,3.299318738282173e-33,1.8579504269917108e-33,2.909132101789544e-33,2.1513887191182788e-33,2.6565996972785802e-33,1.9431249050926802e-33,1.6027683324945323e-33,3.6481142953864275e-33,1.879660112764458e-33,3.754328990342819e-33,4.202093976549297e-33,4.064717087304366e-33,1.7144584624837254e-33,2.0106710517373407e-33,1.8749176688737142e-33,2.0490701325145028e-33,4.219011456083686e-33,2.6785916794074543e-33,1.587006222655821e-33,2.801783542311956e-33,1.754776851051344e-33,4.123608463170951e-33,4.264439618546677e-33,2.7152728933480013e-33,3.097160894773819e-33,3.600899499484392e-33,2.0427128133056825e-33,5.0609577234578734e-33,2.8848316647236125e-33,2.6289864023469104e-33,2.740959926699747e-33,5.59403025160018e-33,3.1387448403951614e-33,2.7088092286139756e-33,3.2392199642930476e-33,4.5171776171817656e-33,4.6447417755120916e-33,2.847824865360819e-33,4.52016562789249e-33,8.709763955224815e-33
2019,Ciencias Económicas,131159852515.41852,67290668277.58712,1.3439816469459775,108.69175553378396,9320575183.076912,0.4047676464878477,0.0528212814751547,0.1925678935906901,0.0777178158372856,0.2838016009355539,0.3137553835132573,0.0250202916869347,0.5130431834671112,0,0,-1,64,64,2.2230052412853528e-33,2.0429135922171187e-33,1.666938859061928e-33,1.6197846598469547e-33,1.5576269965801227e-33,3.097160894773819e-33,1.080836823033031e-33,2.7003182511048647e-33,3.3321802073060934e-33,1.369756558043644e-33,1.687262360209353e-33,1.6355561573451167e-33,8.533948134063436e-34,1.18569995321569e-33,1.599557433779423e-33,1.1799436084281319e-33,2.2349319968848054e-33,2.0939161130711005e-33,1.2084269045655676e-33,1.135199352887594e-33,1.688788329773412e-33,1.2478556228979902e-33,2.5581888626009865e-33,1.0264052315450263e-33,1.816977659181461e-33,4.057024670451782e-33,2.3461536179934962e-33,1.691839103362104e-33,1.182204151513811e-33,1.731266967424734e-33,1.4945984028781488e-33,2.431669193848176e-33,1.0490543702505079e-33,1.1706429736321007e-33,1.3017522185240778e-33,1.774031679880115e-33,2.3057157456003393e-33,1.1104183677300091e-33,1.2311227317727386e-33,2.1343605723917303e-33,5.4345243723111225e-33,1.3527252488791952e-33,3.6874587001981286e-33,1.0988818715245083e-33,2.390664430002595e-33,3.3479580193349916e-33,1.4229153118606996e-33,1.558137512072154e-33,1.26537095633743e-33,2.2281161654614584e-33,1.6957204006661004e-33,2.917339675715832e-33,1.1580316020250554e-33,9.621817520266958e-34,1.6869397379128322e-33,1.333504930126531e-33,1.5345486364427573e-33,2.468255047379742e-33,1.3327110574744226e-33,1.827401250575873e-33,1.0587952379885433e-33,2.019619542389404e-33,2.0742062980403833e-33,1.505899533881936e-33,1.0,3.7600068070921776e-33,4.020339579954999e-33,2.1908453008985486e-33,4.748914874308432e-33,1.2286866646541006e-33,1.718134743881042e-33,2.0712120227970363e-33,1.4243673661701232e-33,1.7210070565131965e-33,2.2155526519750848e-33,2.1968778133975017e-33,2.7700231013751983e-33,1.697716603479353e-33,1.9464556224744045e-33,2.3496848906733892e-33
2020,Ciencias Económicas,99065535018.05376,56282340633.914406,1.9215938142881,101.11855711509403,25189167432.85432,0.3165353255124623,0.0577829855789398,0.2029369141896707,0.1712821495158823,0.2372879034773102,0.3481515734927339,0.0064513558779849,0.5681324047122692,0,0,-1,61,61,2.977085687084956e-33,4.783563835111515e-33,2.129366072790795e-33,3.697868479050011e-33,1.5501160043194164e-33,4.123608463170951e-33,2.258288662117498e-33,1.925149416681111e-33,1.3705028221413264e-33,1.4760329507229054e-33,1.9900958591428074e-33,1.5090204006432644e-33,1.08797227852582e-33,2.6586190703481923e-33,1.6950084591928567e-33,1.664109749658465e-33,2.3058557188155925e-33,9.506684165093412e-34,2.2397854224938087e-33,1.1297112910492255e-33,1.3138216015276082e-33,1.3472183473695372e-33,1.3008898858412387e-33,1.6494192509407106e-33,2.0592728732279635e-33,1.5176678043032122e-33,2.4311615791019436e-33,1.4588328069058262e-33,9.300451445083611e-34,3.763899575043255e-33,1.6667136797990618e-33,1.5168227553749335e-33,1.4441443385085578e-33,1.744523571630889e-33,1.56585929325381e-33,2.4600802273512344e-33,2.687633879549245e-33,1.2184965074115734e-33,1.1815460854669552e-33,3.3604153392306004e-33,1.633736125535476e-33,1.2439220810926292e-33,3.869549052564947e-33,2.0855605356018085e-33,1.9207900071782396e-33,1.6717729940070693e-33,1.739768899341394e-33,1.7149637386305637e-33,1.758964713978301e-33,2.9930131838462893e-33,1.5429381098695193e-33,2.0764204171607113e-33,2.0326441259789647e-33,1.6526336656394684e-33,2.0382706854929378e-33,1.9850767699691005e-33,2.5251505324279382e-33,1.7881631045275094e-33,1.5447236471401116e-33,2.339364062759154e-33,1.2577637411906885e-33,1.0,2.6254991842610927e-33,1.6484726956188654e-33,2.019619542389404e-33,1.7826826691312236e-33,1.5751617145165123e-33,3.7383035869608776e-33,1.9204907155576026e-33,1.6255710448919267e-33,1.7494706213241888e-33,4.487117808172232e-33,1.9676681856655627e-33,3.0536198601795697e-33,2.1782874591475024e-33,3.0877585460236995e-33,2.9838765816329096e-33,2.007671283122541e-33,3.300036376094125e-33,3.7383802424878564e-33
2021,Ciencias Económicas,125209562389.15115,64888089621.12253,1.5449381406794616,58.2515308858675,23106719286.109444,0.3539770807786614,0.0715937955828866,0.2062561226717032,0.1233567098991227,0.2481189276713567,0.528975443424991,0.0105858175513775,0.5182358949506622,0,0,-1,49,49,2.218730378233058e-33,2.8490856873610763e-33,1.9458847180300473e-33,2.787795639161531e-33,3.0349795175993706e-33,3.754328990342819e-33,1.6673728230915943e-33,2.7631260205961425e-33,1.6216259629288032e-33,1.2485038344781397e-33,2.0144247399433186e-33,2.0823468289179743e-33,1.0757227359292148e-33,2.2893644444090305e-33,1.4834965370382523e-33,1.0422509189270471e-33,1.8022162719736156e-33,1.1286137469520413e-33,3.0030692266748988e-33,1.1459256219253326e-33,1.7383392557900197e-33,1.2539358888161507e-33,2.07093828605412e-33,1.5893957463411037e-33,1.8838141369481192e-33,1.8099168248206134e-33,1.9172239188763796e-33,2.2755700595461237e-33,1.729767206926039e-33,1.3624725286113698e-33,1.3346337298971686e-33,1.4315826695544978e-33,1.477838608593142e-33,2.350949390238086e-33,1.5159024200499494e-33,1.6860799064331912e-33,1.79264093057982e-33,2.0070754974651598e-33,9.680920377560463e-34,2.14005068879006e-33,2.4688717230518447e-33,1.042355271698696e-33,2.2651800085917634e-33,2.9448231988918493e-33,2.28811573116532e-33,1.6684636423119316e-33,1.496360826404944e-33,1.4744674150241682e-33,1.9665307482257406e-33,1.0,1.2468008476805305e-33,2.5517876375416944e-33,1.5416209876774634e-33,3.0254533639820597e-33,3.789650111040114e-33,1.9474836756256483e-33,2.0967559262452077e-33,1.5912934872544853e-33,1.953030941350402e-33,2.038377737902557e-33,9.734174874973793e-34,2.9930131838462893e-33,1.614711077058625e-33,1.2609534032988152e-33,2.2281161654614584e-33,2.5185517872475235e-33,1.745795848756514e-33,2.8488895665286495e-33,2.3344053945246627e-33,1.7706627308323056e-33,1.4594903805736106e-33,3.1952169448680025e-33,2.1125355695644078e-33,3.229205843846966e-33,3.150301687891799e-33,2.3802269536903885e-33,3.9006873745825125e-33,1.888739285097873e-33,2.2420200790078287e-33,3.0880844243583135e-33
2022,Ciencias Económicas,121171376130.8366,60646985210.30818,0.9925229336840772,105.80956467963048,,0.3678300965528005,0.0316254817192909,0.1767283864242423,0.1250124811591112,0.2724437580071112,0.4139244717157319,0.0116189041418964,0.5005058714924859,1,0,-1,40,40,2.8019496712271645e-33,2.160305074957042e-33,1.9993556751980332e-33,1.8723585786895034e-33,3.060416083257946e-33,3.299318738282173e-33,1.274459964624316e-33,2.484941966951198e-33,2.7613613159960915e-33,1.8594052585289984e-33,2.292076444648043e-33,1.5390542120842222e-33,9.512175816998415e-34,1.2031350434195409e-33,1.8877178125921594e-33,1.1788391461566118e-33,2.165772912632132e-33,1.9990488353421057e-33,1.6879177344023513e-33,1.2375693461974083e-33,2.0400052882605945e-33,1.8032293193154276e-33,2.245364803385844e-33,1.2216675240820405e-33,2.1814862491269408e-33,5.3490059031514676e-33,1.617110754933163e-33,2.83822815164617e-33,1.749165372907568e-33,1.3235757209283743e-33,1.4558180459383114e-33,3.171637402183811e-33,1.9170223695349834e-33,1.2475895118652156e-33,1.586621469040945e-33,1.8939018004390585e-33,2.6020043279165955e-33,1.5927436860522302e-33,1.4984124440056725e-33,1.7285423867746775e-33,1.0,1.2055857464135725e-33,2.4975354155581618e-33,1.3116726458888374e-33,1.9345992572455866e-33,1.953793629310961e-33,1.3720895138205256e-33,2.4168163819712536e-33,1.0610331588787396e-33,2.4688717230518447e-33,2.0183528384157456e-33,4.509086641843829e-33,1.2100554797483914e-33,1.1626686714308236e-33,1.5109579379897048e-33,2.2961072459819057e-33,1.5019706801458225e-33,2.443713017280194e-33,1.779291273930051e-33,2.4696345546468633e-33,1.2377169410200829e-33,1.633736125535476e-33,1.6997545332284833e-33,1.581968471956443e-33,5.4345243723111225e-33,3.025493175361628e-33,2.6664187472615552e-33,2.276834926680259e-33,3.294888605288589e-33,1.9175054420036814e-33,2.0067888373823174e-33,1.6531298056139355e-33,1.6130693370410762e-33,1.7693107873742463e-33,3.0399836592779653e-33,2.7331761721617607e-33,3.584972925859334e-33,2.312049929298824e-33,2.110584477409107e-33,2.8804320073201332e-33
2023,Ciencias Económicas,127942629571.4576,72287431866.86932,1.4919422185591198,62.77749094320888,5553476517.24027,0.3447035127619534,0.0560177523448549,0.2345437193712461,0.1911865068063184,0.2436406218469181,0.3300553720303265,0.0758777583366521,0.5649987975782212,1,0,-1,67,67,2.6531397827784748e-33,4.350923438489549e-33,2.958619286109458e-33,2.673437470003467e-33,2.2910806092962825e-33,5.0609577234578734e-33,4.1599748140173675e-33,2.5667753123217443e-33,1.703867661170789e-33,1.8795693157332598e-33,4.870711462321593e-33,1.6307971154220927e-33,1.680265223815227e-33,2.0852946475020937e-33,1.748167768981429e-33,1.2875848210773748e-33,2.63684876894036e-33,9.653333142505001e-34,2.736207896110872e-33,1.1018664915651356e-33,1.2688838847950785e-33,2.896995597713807e-33,1.992218305997002e-33,2.1568333146803318e-33,3.7843080413847114e-33,2.1829954944743287e-33,1.899065845119102e-33,2.076276315910992e-33,1.5472583156475207e-33,2.4554645295282123e-33,1.6233250204447824e-33,1.4505976851396672e-33,1.809113458314788e-33,3.027310062378952e-33,1.1450817634292969e-33,2.113116917838933e-33,3.92026417429889e-33,1.665494525195204e-33,1.3488718967767577e-33,2.663931151935427e-33,2.276834926680259e-33,2.256780378223286e-33,3.106692599797662e-33,1.6804285576448388e-33,2.9664966392461103e-33,2.394298265134433e-33,1.5354925129631612e-33,3.4129272735723186e-33,2.0244733347699455e-33,2.8488895665286495e-33,2.2016567490388376e-33,2.8480085204492112e-33,1.908712029653128e-33,2.1243252723979912e-33,1.965747463405274e-33,3.46680492708491e-33,4.4042718804619974e-33,2.277068514325076e-33,2.6248947102708197e-33,2.261909784095537e-33,1.6865362816803764e-33,3.7383035869608776e-33,4.425780189132989e-33,2.6483034520918187e-33,2.1908453008985486e-33,2.25313478354207e-33,2.0562480354790595e-33,1.0,3.433358715786597e-33,3.4186613632760495e-33,2.9140144315113525e-33,2.8251298803020785e-33,1.544997434902321e-33,3.847887275405507e-33,4.46359072712322e-33,3.0688454533959387e-33,4.259026646367e-33,3.27180231516732e-33,4.680186869257443e-33,4.928437577769944e-33
2024,Ciencias Económicas,144652428182.52933,84423231760.45982,1.3298962474190716,96.6445829534248,-33011593840.145737,0.2758774532900009,0.0261589516924408,0.2571343110580809,0.1767766711182819,0.2438844877106613,0.4212238977768633,0.0743817260519271,0.5836281687157755,1,0,-1,21,21,1.9094970611737685e-33,1.799385312081588e-33,1.566198432668759e-33,1.4260764216561614e-33,1.880758831245323e-33,1.9081858231752926e-33,2.7059023339138296e-33,1.4754069613052946e-33,1.1518940164449266e-33,1.4615658068133458e-33,2.5873218632625795e-33,8.705175991090097e-34,2.355355701209218e-33,1.0398822183626449e-33,1.4336859874062058e-33,8.673876403839443e-34,1.6979996453996548e-33,9.537844327032243e-34,2.1155925090680465e-33,8.987619327782815e-34,1.069037898038588e-33,1.0,1.1508153528698433e-33,1.3520982592432166e-33,1.7520711236114668e-33,1.2818804044348279e-33,1.0089542282541346e-33,1.2188958205721552e-33,1.4423034005109387e-33,1.0891210752339981e-33,1.0358867500556018e-33,1.1378308180913385e-33,1.7617866099047963e-33,1.2317753093735332e-33,7.71499036775751e-34,2.2261018352311913e-33,2.1048909631418825e-33,1.7927149780458747e-33,2.3006782738717475e-33,1.3625148174705352e-33,1.8032293193154276e-33,2.158771802162448e-33,1.7647563837556505e-33,1.0360976694796148e-33,1.630772558760058e-33,1.399297966502655e-33,9.032343460373879e-34,1.8361631629113497e-33,1.1365477531460735e-33,1.2539358888161507e-33,1.3352086097105073e-33,1.7017402444713387e-33,1.5159956716861418e-33,1.2808612390699411e-33,9.092470890202243e-34,3.1483675128558135e-33,1.4760354153943517e-33,1.3102971793471283e-33,1.6862365534011786e-33,1.3980749531918868e-33,2.873989285446568e-33,1.3472183473695372e-33,1.641965177809591e-33,1.6859488283667072e-33,1.2478556228979902e-33,1.143379386427773e-33,1.2319979921390925e-33,2.896995597713807e-33,1.4111398910463497e-33,3.310408902296857e-33,1.662378621056445e-33,1.3070542345226536e-33,1.2327279185445538e-33,1.856469065045893e-33,2.6321829026928346e-33,1.6155115819577885e-33,2.410899750461982e-33,1.9897897816605718e-33,2.1575743381150067e-33,1.9623176460859964e-33
2025,Ciencias Económicas,142706654986.28525,73702936735.23897,,132.69486726145502,6745379345.055219,0.3367971352822294,0.0656920605962711,0.2809492931066213,0.1968071838795344,0.2497544289510425,0.3098809771956847,0.025097596873004,0.5164646087620942,0,0,-1,36,36,2.444307717464861e-33,3.721077227198716e-33,4.183696577059631e-33,2.6066829580287306e-33,2.0951530175510828e-33,2.788388612258248e-33,1.701634307860856e-33,2.3635475056977943e-33,1.9773121268535505e-33,4.641122497918805e-33,3.446687753561052e-33,1.7793224552410542e-33,1.8087362721906697e-33,1.5781072477922104e-33,1.774235702724789e-33,1.8419080232782912e-33,4.809636712513932e-33,9.816336992898346e-34,1.509124705924651e-33,8.357677061150182e-34,1.3548262626201989e-33,2.1048909631418825e-33,2.0474122528158604e-33,1.2730747528417317e-33,2.4608147523692146e-33,2.0476117376330946e-33,1.8894716946497473e-33,1.3301122279908411e-33,1.4573835456586335e-33,2.0727152070120144e-33,1.5462175586423203e-33,1.6581055254714248e-33,1.9338020068563315e-33,1.4751612219734755e-33,1.7915284053128054e-33,2.3779998939504424e-33,1.0,1.6241926139555145e-33,1.7656910178636387e-33,2.0056514663014562e-33,2.6020043279165955e-33,1.6531808355275114e-33,3.614541302067241e-33,1.4592926696361913e-33,1.792156679258322e-33,2.4598401999404327e-33,1.6232405259011725e-33,1.719419984823184e-33,1.7594046924915643e-33,1.79264093057982e-33,2.405524204827475e-33,1.9014679416268452e-33,2.7660180334025473e-33,1.5791174879776063e-33,1.7265976064818385e-33,2.6901880373040348e-33,2.198391264903402e-33,3.596718932812441e-33,1.4769988898043492e-33,4.7015197266689496e-33,1.5838062861293294e-33,2.687633879549245e-33,3.373428378389139e-33,2.573702735593961e-33,2.3057157456003393e-33,1.9100096226962244e-33,1.9470331341214985e-33,3.92026417429889e-33,2.686536947954611e-33,2.1920555701407938e-33,3.787407856459087e-33,2.6029613189721894e-33,1.954601497780348e-33,2.4226831129433354e-33,2.3408655933122785e-33,2.162787688946864e-33,3.671292431487525e-33,3.3999999701910194e-33,2.8807562209249252e-33,2.8767589547959255e-33
2016,Medicina,186799338671.8841,94483786707.06538,1.0192341490419046,109.9833174072631,13319246561.90809,0.2874405063263402,0.0363134532297667,0.144094601236817,0.1615525034745311,0.2681467482131939,0.3253969476637355,-0.0382378539063545,0.5058036467303966,0,1,-1,31,31,2.3172279664848056e-33,1.5162206440658872e-33,2.730671989784398e-33,2.096205082512301e-33,1.3471021844124935e-33,2.2962295773379352e-33,1.0980640688985115e-33,2.098380603030924e-33,2.1030424215110083e-33,1.4228405857772662e-33,1.6157105527032055e-33,1.3289567587165225e-33,8.85784931554769e-34,1.253877047489463e-33,1.9361706141772358e-33,2.8030266247220086e-33,1.550179076714501e-33,2.2269172776043118e-33,1.0169679746329944e-33,1.2380243714254178e-33,1.3007811093889649e-33,1.1378308180913385e-33,1.561100540373693e-33,1.3430660237553526e-33,1.2315623898309073e-33,1.8530476655729843e-33,1.3142374145719554e-33,1.614940466369341e-33,9.930134990132961e-34,1.3497367884988588e-33,1.700099266191658e-33,1.0,1.9961375414444526e-33,1.0263730571551243e-33,2.1934989297741442e-33,1.9414116721111413e-33,1.6581055254714248e-33,1.1945394242208416e-33,1.8942338632117858e-33,1.4158772743532648e-33,3.171637402183811e-33,1.2639721093736051e-33,1.7486100076151026e-33,1.368852474089482e-33,1.6763607778329473e-33,1.4772656647349037e-33,2.5680263834007205e-33,1.5809110204637054e-33,1.0702622179586603e-33,1.4315826695544978e-33,1.4776969662665672e-33,2.5909352190946526e-33,1.3903022184174856e-33,8.044207274819322e-34,1.550464647323284e-33,1.5405584672591047e-33,1.4409708151342328e-33,2.228201117245944e-33,1.5151943286388774e-33,1.8179890447603396e-33,1.5060115345258234e-33,1.5168227553749335e-33,1.2441507078735505e-33,1.3693728418395066e-33,2.431669193848176e-33,1.9537324859497114e-33,3.139748698388829e-33,1.4505976851396672e-33,2.7560219642649968e-33,1.333878166904032e-33,2.331366028524606e-33,1.5249233292749443e-33,1.3292313445046305e-33,1.355688549614193e-33,1.4237105245364506e-33,2.8092805500276168e-33,1.503761993355357e-33,2.481204856912898e-33,1.894758632664483e-33,1.9925297072180718e-33
2017,Medicina,210566283492.7202,114048549007.01276,1.5732161502668007,112.4281174918966,-30534927270.813225,0.3011193206686172,0.0215256854060574,0.2547893659569804,0.2550320218685454,0.2491626627680512,0.3968435537183774,0.037729105577837,0.5416277815956974,1,1,-1,60,60,1.751740558560988e-33,1.7087032656127535e-33,2.433472797430327e-33,1.3495508441240314e-33,9.613524135577174e-34,1.754776851051344e-33,1.4481774774646396e-33,1.3015955366222522e-33,1.4411781414997197e-33,1.2348785379306372e-33,1.5672800492350714e-33,8.33123822071052e-34,1.6979560431080905e-33,1.4761408212636323e-33,1.3616284486380453e-33,1.3248216013903282e-33,1.296814294764016e-33,9.847167564037481e-34,1.2876527970501833e-33,6.7889635309265435e-34,7.3958849265383914e-34,2.873989285446568e-33,1.011043950308436e-33,1.0620337357965896e-33,1.4084290874126273e-33,1.0899225834808769e-33,1.3220909675038325e-33,1.0928110091376596e-33,8.521056154495537e-34,1.4247719600634748e-33,2.0452219500040396e-33,1.5060115345258234e-33,1.664352149108927e-33,1.0033622584013972e-33,8.371387967006549e-34,1.9287372733054846e-33,1.5838062861293294e-33,1.3908389740101333e-33,3.860539926510396e-33,1.1180062270315613e-33,1.2377169410200829e-33,4.0442053932690714e-33,1.1621150274472279e-33,9.218316999481501e-34,1.0727289319106528e-33,1.1556782702234284e-33,1.4852585316553699e-33,1.3328085968695225e-33,1.4190644538774663e-33,9.734174874973793e-34,1.2671168485841016e-33,1.180661407528003e-33,1.3730597859556106e-33,9.165142607502492e-34,1.0058762629298322e-33,1.4554185881739313e-33,1.4357893623015366e-33,1.1406930337856013e-33,1.4038541108148662e-33,1.2198424081637742e-33,1.0,1.2577637411906885e-33,1.4044958359464427e-33,1.2859965425412204e-33,1.0587952379885433e-33,1.131478992590678e-33,1.3477622205132376e-33,1.6865362816803764e-33,1.5110020185078245e-33,1.5264137248272957e-33,1.8180043868721216e-33,1.6380382111129858e-33,1.3083620236262214e-33,1.387293895334789e-33,1.2848939479464128e-33,1.5020601024487458e-33,1.4758648181759596e-33,3.4479624430030366e-33,1.4028425203604594e-33,1.5217255129327928e-33
2018,Medicina,199304513538.58585,111053045216.63382,1.5604910671884882,88.05506041460558,-38417592441.7319,0.377530495843424,0.0668527596273845,0.2136781218145182,0.2270364308733842,0.2574049611374159,0.3076026277294317,0.063090051305646,0.5572028613146972,1,1,-1,41,41,1.491134204674151e-33,2.0298805561333087e-33,2.087908809744242e-33,1.3898433508414839e-33,9.479906098858714e-34,1.8579504269917108e-33,1.4074937577606108e-33,1.5171301888292505e-33,1.5279796603665743e-33,1.1954126638150905e-33,1.432344397381672e-33,1.0815491255041605e-33,2.023808570310758e-33,1.4229633990057433e-33,1.0170692085082983e-33,1.0899114635607138e-33,1.4453043143080965e-33,1.1193871646947071e-33,1.0901086639159484e-33,7.364968581451896e-34,8.736513668129119e-34,2.158771802162448e-33,1.3859767968535034e-33,1.2646838926158243e-33,1.778771374940778e-33,1.3826242555070243e-33,1.5370858935674668e-33,1.2345368029007604e-33,9.12521298796002e-34,1.3631386958167938e-33,1.6261403864422178e-33,1.2639721093736051e-33,1.1700640486058846e-33,1.321251467139853e-33,7.330987037240733e-34,1.808457665471216e-33,1.6531808355275114e-33,1.1514189940250196e-33,2.7690009063358076e-33,1.5515825434351277e-33,1.2055857464135725e-33,1.0,1.4009448795774556e-33,8.930083970247845e-34,1.4909149450874973e-33,1.782641416300258e-33,1.4003011195440904e-33,1.2949791710224655e-33,1.751450050581501e-33,1.042355271698696e-33,1.3189696518408675e-33,1.4274728052909222e-33,1.1399770930414575e-33,1.0030573813776227e-33,1.1177842909616446e-33,1.2846805163794252e-33,1.97161400168549e-33,1.3396110632401531e-33,1.3075196654556056e-33,1.2281008805331096e-33,4.0442053932690714e-33,1.2439220810926292e-33,1.963098675651673e-33,1.3387319985428357e-33,1.3527252488791952e-33,1.5749340694113278e-33,1.4584680010101872e-33,2.256780378223286e-33,2.198613148167259e-33,1.544139610251638e-33,2.2345873873025e-33,1.9016208640224096e-33,1.1148072627413958e-33,1.348044107475099e-33,1.3341275726431847e-33,1.679738852408419e-33,1.7388821856209288e-33,2.580414996746124e-33,1.5881123225031164e-33,1.6197085914317848e-33
2019,Medicina,203468021465.96655,105382682553.07584,1.3727182677372065,153.77592470398332,-34554950471.16929,0.2676821219631379,0.0524850017803614,0.1510137510670625,0.2009287376513052,0.2450980106959715,,0.0310249050354173,0.517932409200248,1,1,-1,38,38,2.1069558010367526e-33,1.7797095351250352e-33,2.1845435548524368e-33,1.751950477211135e-33,1.1509986363626502e-33,1.8529064431480475e-33,1.2889626250834275e-33,1.3675491111419727e-33,1.307854894820392e-33,1.54391727351534e-33,1.2898362945347819e-33,1.0572452831908667e-33,2.1592008737173725e-33,1.0302217795322929e-33,1.1849747398452867e-33,1.4845180379922721e-33,2.0016345074630938e-33,1.400345234565343e-33,9.721561432116605e-34,7.418407383138756e-34,1.1767291320382263e-33,2.3006782738717475e-33,1.012697561951462e-33,1.095238306538961e-33,1.4514523931395806e-33,1.2459799721718956e-33,1.249551312398481e-33,1.0196049287433523e-33,1.0566780319836244e-33,9.967701800781778e-34,1.4416141912434482e-33,1.8942338632117858e-33,1.9396701000211815e-33,9.2803033489088e-34,1.0404687465847945e-33,2.1962237782974126e-33,1.7656910178636387e-33,1.2429966415507737e-33,1.0,1.5790286566925924e-33,1.4984124440056725e-33,2.7690009063358076e-33,1.5171077939189528e-33,9.874769182096044e-34,1.3750435944247622e-33,1.4270977240186411e-33,1.185116908626349e-33,1.1805157164000039e-33,1.0759492138348402e-33,9.680920377560463e-34,1.4869388841195767e-33,1.539791608531108e-33,1.5702267704841075e-33,9.073527503209788e-34,9.18355741427775e-34,1.420082992407715e-33,1.2795212632958073e-33,1.3613199646178262e-33,1.0730083398481851e-33,1.5362583293410825e-33,3.860539926510396e-33,1.1815460854669552e-33,1.4100319570277488e-33,1.2802589610571003e-33,1.2311227317727386e-33,1.1781544853200096e-33,1.2151373968292543e-33,1.3488718967767577e-33,1.3912870520717469e-33,1.650546600357266e-33,2.6520550485641076e-33,1.5271478450188758e-33,1.4772259354239462e-33,1.0640304566858814e-33,1.1515531405914817e-33,1.7353178757189854e-33,1.738130824994227e-33,2.2038854858114274e-33,1.6913270115175693e-33,1.5456299102046843e-33
2020,Medicina,213352103068.13354,101817971855.50555,1.3286870546908065,101.40724576497723,11599844276.91916,0.3158685807796488,0.0628485117002587,0.2470615648598836,0.2336039481414573,0.2391063688062204,0.3551725700955103,0.0251173665963026,0.4772297549042215,0,1,-1,2,2,2.5636732592888923e-33,2.922189333656192e-33,1.0,3.249089673278816e-33,1.660934007226692e-33,3.436960793593827e-33,1.6602014993603134e-33,2.692726969697389e-33,2.2239092834028262e-33,2.632225460907171e-33,3.1277114108646764e-33,2.082311911091409e-33,1.7816125948254372e-33,2.195970228600358e-33,1.972006528073406e-33,3.67584463290743e-33,2.8354026341524214e-33,1.021774865780073e-33,1.3426356647610729e-33,7.536690832151471e-34,1.0300660749036853e-33,1.566198432668759e-33,1.8532497580958938e-33,1.4100442193326255e-33,2.0333831352880452e-33,1.6425151799973136e-33,2.0425190686111195e-33,1.4816064728886168e-33,1.4080701649107229e-33,1.9095264286934197e-33,2.881514609127307e-33,2.730671989784398e-33,2.6954095629750267e-33,1.7855046025685422e-33,2.202971430234556e-33,1.9104605051939658e-33,4.183696577059631e-33,1.794070250871252e-33,2.1845435548524368e-33,1.6565380754801465e-33,1.9993556751980332e-33,2.087908809744242e-33,1.8565887180082094e-33,1.8549848862944254e-33,1.7227395931716192e-33,1.9079223719092324e-33,3.0381388007820832e-33,1.7406982570137213e-33,2.240312388693681e-33,1.9458847180300473e-33,2.4090918420443083e-33,1.7545160115897838e-33,2.945303553300539e-33,1.5677294518182922e-33,2.645608151498994e-33,2.0150172030771632e-33,2.767553405374509e-33,2.724157052161668e-33,1.8609321134685258e-33,3.1678208613647566e-33,2.433472797430327e-33,2.129366072790795e-33,2.3337163498511483e-33,2.1491633447858246e-33,1.666938859061928e-33,1.9531769644538277e-33,2.4763950792575518e-33,2.958619286109458e-33,3.604168709654607e-33,2.0593902971402654e-33,6.902151463532597e-33,3.016682258777474e-33,2.1170482858228715e-33,2.2147151241002078e-33,1.8137022471027722e-33,2.3115829994702346e-33,2.3340739526238694e-33,9.577261779092464e-33,2.522661049100007e-33,2.819805994594717e-33
2021,Medicina,205408116813.39505,104298008928.68416,1.344373829568653,73.14181527987816,9381915731.874828,0.4109517340542251,0.053522804324293,0.2105851570753166,0.1439996572076335,0.2695675458205497,0.3021810432200972,0.023350114119429,0.5077599198450111,1,1,-1,68,68,1.772669190125512e-33,2.363832346661834e-33,3.604168709654607e-33,1.752787274063329e-33,1.5075845420913575e-33,2.8848316647236125e-33,1.3000636773729097e-33,7.110288056252384e-33,4.4366145687133304e-33,1.3637456088292305e-33,2.1973364171734024e-33,1.5543111774874464e-33,1.1919835792566346e-33,1.7330985638413908e-33,1.422393222640859e-33,1.6125920636189322e-33,2.455156771532234e-33,1.5571052187440433e-33,1.3932066420435574e-33,9.785401713394582e-34,1.2470738879590257e-33,1.4111398910463497e-33,3.086246990152011e-33,1.4692709302510312e-33,2.2054701014408994e-33,2.875562647196215e-33,2.000947239387082e-33,1.90750922260951e-33,1.2867199934419385e-33,1.7976173878012537e-33,2.0731799725042092e-33,2.7560219642649968e-33,1.3457264053482363e-33,1.4043474471819275e-33,1.5038130473698367e-33,1.5307369208240122e-33,2.686536947954611e-33,1.570267598302295e-33,1.3912870520717469e-33,1.671843977321147e-33,3.294888605288589e-33,2.198613148167259e-33,2.5357468471208342e-33,1.1859788466930425e-33,2.487786881041476e-33,4.313619425463217e-33,2.4420157808379782e-33,1.803497995447363e-33,1.6711499258275912e-33,2.3344053945246627e-33,1.6809334835684417e-33,2.4531315519277342e-33,1.445886222451848e-33,1.1305368502694228e-33,3.0102280428766774e-33,1.6505132673831595e-33,1.9340746068548496e-33,2.216821386995833e-33,2.7882019517919064e-33,1.931103562339655e-33,1.5110020185078245e-33,1.9204907155576026e-33,2.0835953702677308e-33,1.4575226712006904e-33,4.748914874308432e-33,2.858202347418955e-33,7.200691304758602e-33,3.433358715786597e-33,1.0,1.5588545597045212e-33,3.491639978364649e-33,2.0452844965814174e-33,1.2141399256526582e-33,2.0826217355696167e-33,2.2812306871170765e-33,2.1733272012230146e-33,2.70330942485412e-33,4.430252229319204e-33,1.9834954362539476e-33,2.3146788196997008e-33
2022,Medicina,219942081545.07343,112454236178.04152,1.4239169934473823,93.89070144162308,5072752368.569382,0.3537981696501488,0.0402639222141935,0.2229645566947353,0.2497616434804333,0.2566337595137436,,0.0158366694560678,0.511290224172021,0,1,-1,77,77,2.024658304776933e-33,3.248180112530996e-33,9.577261779092464e-33,2.0810558409777088e-33,1.5115291699006264e-33,2.847824865360819e-33,1.6565874867176036e-33,3.453501862984842e-33,3.134611630021566e-33,1.803878437177712e-33,2.3878501038252596e-33,1.2569037411216837e-33,1.7008809007617386e-33,3.0029777698393645e-33,1.4418242010827826e-33,2.1076731893397885e-33,2.4349919612630612e-33,1.1818707004196695e-33,1.841508350823062e-33,8.574930993906846e-34,1.1038055845368177e-33,1.9897897816605718e-33,1.9004236382782866e-33,1.7243061262536777e-33,2.7804186625577583e-33,1.9543535823290256e-33,1.811650642786405e-33,1.9368379748952704e-33,1.2777840293636493e-33,1.894443157670562e-33,2.9953611518475752e-33,2.481204856912898e-33,2.9723930346467412e-33,1.3784532073074192e-33,1.7803173261033664e-33,1.6820518993765634e-33,3.3999999701910194e-33,2.4021049411626033e-33,2.2038854858114274e-33,1.4745235609927048e-33,2.312049929298824e-33,2.580414996746124e-33,1.702881043491608e-33,1.305013857907141e-33,1.5967799860145027e-33,2.02199591042259e-33,3.296680348037517e-33,2.020508498425116e-33,1.925976229369733e-33,1.888739285097873e-33,1.767479039373413e-33,1.949042028929375e-33,1.9910379892348815e-33,1.3422785689250223e-33,2.5459336557585646e-33,2.3204429534440194e-33,2.0660082464782315e-33,1.6958520131866257e-33,3.5628840820710276e-33,2.186147251448656e-33,3.4479624430030366e-33,2.007671283122541e-33,1.968902923280287e-33,1.4356623981713324e-33,1.697716603479353e-33,1.776961741718579e-33,2.5050972558635044e-33,3.27180231516732e-33,4.430252229319204e-33,1.989474942036711e-33,5.0634245286260915e-33,2.287478819632545e-33,1.4808094757518615e-33,1.9911993204475024e-33,1.8486943286014808e-33,2.3656948441792126e-33,2.6271538113218816e-33,1.0,1.9395845651593446e-33,2.2817400306922226e-33
2023,Medicina,226967211800.29883,116819944009.94148,1.215764469362682,117.93684594000516,6673953786.896633,0.3330025364040417,0.0675384022887526,0.1640652199427213,0.2115931213893719,0.2372279327107722,0.3035371306926688,0.0622672437087771,0.514699647950593,0,1,-1,70,70,2.0320062682361622e-33,2.583289598489448e-33,6.902151463532597e-33,2.3567339902005435e-33,1.4781763759775492e-33,2.740959926699747e-33,1.5843366061528222e-33,3.054842794391397e-33,2.1349848920592583e-33,2.1771001526715907e-33,2.0890607608960692e-33,1.583012766908788e-33,2.117362770464596e-33,1.385257627971059e-33,1.192594573165737e-33,2.4272574820124583e-33,5.0601413655657776e-33,1.0419028642641794e-33,1.1054805953146382e-33,7.576625164590269e-34,1.2374650238320012e-33,1.662378621056445e-33,1.7370492889804145e-33,1.7164358973767594e-33,2.6426635131732442e-33,1.8293547355004353e-33,1.450108959317464e-33,1.3088075625120236e-33,1.6293373990510943e-33,1.3219074565919367e-33,1.675175038440103e-33,2.331366028524606e-33,2.7035465105509318e-33,1.3634042404764426e-33,2.0402174429169665e-33,1.5363818515952027e-33,3.787407856459087e-33,1.6216267648372275e-33,2.6520550485641076e-33,2.001620031514812e-33,2.0067888373823174e-33,2.2345873873025e-33,2.0528194541667657e-33,1.2068363376613165e-33,2.3391209358909138e-33,3.0383850615214008e-33,1.9627027574723626e-33,1.7441236663933948e-33,1.3294913229579353e-33,1.4594903805736106e-33,2.295054942863733e-33,2.0461561116244507e-33,2.561239446696646e-33,1.1388875551813903e-33,1.8509139015805137e-33,2.0403053877740682e-33,2.1613507983164884e-33,2.0597911570941337e-33,2.028122090636445e-33,2.1831848624584406e-33,1.8180043868721216e-33,1.7494706213241888e-33,2.502514620757687e-33,1.7916267674042205e-33,1.718134743881042e-33,1.600568071723284e-33,2.2039451654252623e-33,2.9140144315113525e-33,3.491639978364649e-33,1.8864802033364648e-33,1.0,1.7924783602435576e-33,1.3249217768162659e-33,1.3554444493198669e-33,1.470087797116723e-33,2.3128063382590578e-33,2.3229489192357794e-33,5.0634245286260915e-33,2.805815670483807e-33,2.223700539328339e-33
2024,Medicina,242257334983.92548,131715191006.79236,1.4320455232740643,84.48645505620004,14242864505.89658,0.3680534178823241,0.0580263060638097,0.2092508477518054,0.1090491458697459,0.2598497329008183,,0.0004268850698595,0.5436994963043413,0,1,-1,7,7,1.415111734304687e-33,1.9808715379609338e-33,2.692726969697389e-33,1.6470523519335432e-33,1.6048641066353867e-33,1.9689585274005878e-33,1.297981957034414e-33,1.0,3.1079107288134986e-33,1.1374524799003728e-33,1.738092560632004e-33,1.1694293294736973e-33,1.6016511529771735e-33,1.5988801474852234e-33,1.0924236388466526e-33,1.4196672049385854e-33,3.0861137661917165e-33,1.3576465885274012e-33,1.621993130513366e-33,9.984512753942482e-34,1.4676642591741349e-33,1.4754069613052946e-33,2.6875362276614952e-33,1.922699046268829e-33,1.7177388310938038e-33,1.6386913032969564e-33,1.2750333670143835e-33,1.3377776393123171e-33,1.568564188093934e-33,1.1673636703504734e-33,1.2679848721565456e-33,2.098380603030924e-33,1.4910564250721527e-33,1.1058739546336193e-33,1.9961471537177577e-33,1.472738158283835e-33,2.3635475056977943e-33,2.839891292356617e-33,1.3675491111419727e-33,1.5002602479397688e-33,2.484941966951198e-33,1.5171301888292505e-33,2.696577147401845e-33,1.228599027077319e-33,3.0338766972410578e-33,5.304703951178471e-33,2.1805327794139894e-33,1.211900267064088e-33,1.4994537607003005e-33,2.7631260205961425e-33,1.0682003250398367e-33,1.9944532528764356e-33,2.1630185578895372e-33,1.163400834599404e-33,4.1938955709308205e-33,1.945484036119906e-33,1.3893594372183433e-33,1.4721676190553141e-33,4.713338181915429e-33,1.5968518986713636e-33,1.3015955366222522e-33,1.925149416681111e-33,1.4350439475859214e-33,1.0855563658892378e-33,2.7003182511048647e-33,1.617552250696703e-33,4.5670461505404014e-33,2.5667753123217443e-33,7.110288056252384e-33,1.4346852223659791e-33,3.054842794391397e-33,1.601247521624665e-33,1.0911450270633044e-33,1.8913816459609736e-33,1.9414605877615363e-33,1.7772312834377585e-33,2.600315941822586e-33,3.453501862984842e-33,1.8715593666780385e-33,1.6957281512195656e-33
2025,Medicina,226558438857.7636,135709437241.02762,1.3788478052116755,53.14624529495305,16366613447.016373,0.3538406491234805,0.0249785930161526,0.1867071516490306,0.1814376201001567,0.2576335158129526,0.4466296191221492,0.0205811025959765,0.5990041153409775,1,1,-1,58,58,1.1804505589730644e-33,1.6417538866117502e-33,1.8609321134685258e-33,1.2378826298939513e-33,1.372704693449775e-33,1.587006222655821e-33,1.5657108792970255e-33,4.713338181915429e-33,1.9241335914311464e-33,8.982747743993564e-34,1.5782794572161073e-33,7.6859161549796414e-34,1.2631971597338573e-33,1.7500744043966102e-33,9.090944098274026e-34,1.0060112103573851e-33,1.5783383089427154e-33,9.67410904172292e-34,2.4098638567728378e-33,1.0550945901209515e-33,1.0839929085962147e-33,1.6862365534011786e-33,1.6266564452172045e-33,2.826624861516517e-33,1.8163310694715467e-33,1.3340702714260608e-33,9.075951160297921e-34,1.5932875268442905e-33,1.3045439770683648e-33,1.0511357311882021e-33,1.0884971353264426e-33,1.5151943286388774e-33,1.9114681355728462e-33,1.0466260854116211e-33,1.3286978826550281e-33,1.1185449853509197e-33,1.4769988898043492e-33,3.142352581361099e-33,1.0730083398481851e-33,1.1271354886689917e-33,1.779291273930051e-33,1.3075196654556056e-33,1.4177056380441518e-33,1.0102682735924426e-33,1.8856733443023398e-33,1.8477024804951815e-33,1.775180226825755e-33,1.5366631424935408e-33,1.1353565459989187e-33,1.953030941350402e-33,8.864125909320569e-34,1.8029963761882363e-33,1.4393251210342737e-33,1.0315952980282721e-33,2.2810112926692902e-33,2.4937390568624378e-33,1.287307015344577e-33,9.577801189893678e-34,1.0,1.0792663630134125e-33,1.4038541108148662e-33,1.5447236471401116e-33,1.157626625813286e-33,9.06750705413762e-34,1.3327110574744226e-33,1.1507908876399638e-33,2.0769916989304097e-33,2.6248947102708197e-33,2.7882019517919064e-33,1.4676898210966184e-33,2.028122090636445e-33,1.1285897958114824e-33,8.238299910115328e-34,1.5422703827179505e-33,1.718817976566836e-33,1.718548914253113e-33,1.840958711698006e-33,3.5628840820710276e-33,1.5614889907833283e-33,1.4689232776975145e-33
2016,Derecho,67566651177.97894,32202890885.50818,1.260682833461194,90.11801152544416,6414645943.038824,0.2278462107060342,0.032392973526914,0.3049029496123625,0.1524580587014578,0.2489221200619721,0.3434859235085126,0.0216659073405547,0.4766092491498767,0,0,-1,14,14,3.738485706248989e-33,1.530369400551159e-33,1.972006528073406e-33,2.3069002476113703e-33,1.9421161757679027e-33,2.6134474442036996e-33,1.7296820968635214e-33,1.0924236388466526e-33,1.060912466970517e-33,2.0662335356413024e-33,4.10081900894747e-33,1.6393662282111135e-33,8.298466713015858e-34,1.0776464464296455e-33,1.0,1.4688368035084973e-33,1.22267516371658e-33,9.944314144942386e-34,1.3681169790507421e-33,9.374238043684235e-34,9.274063294505477e-34,1.4336859874062058e-33,1.091269897575211e-33,8.199396886129838e-34,1.0798478408604185e-33,1.3936690253363352e-33,1.62463498081083e-33,1.2447863303231713e-33,9.545046778919514e-34,2.1902715026922917e-33,1.5497642454239208e-33,1.9361706141772358e-33,1.2557430649923365e-33,1.6364860359222116e-33,9.8441373789958e-34,2.1932812555424136e-33,1.774235702724789e-33,9.09085758376913e-34,1.1849747398452867e-33,1.3938051447703769e-33,1.8877178125921594e-33,1.0170692085082983e-33,1.842948243090534e-33,2.0039770057629266e-33,1.2618644785287836e-33,9.511778508132319e-34,1.0769807822525545e-33,1.914314186075845e-33,1.3137865947800792e-33,1.4834965370382523e-33,2.3386799060020998e-33,1.628090453038235e-33,1.3713972017606542e-33,1.3113941034501495e-33,1.0258541067644961e-33,1.5754136839294276e-33,1.8337632372368464e-33,3.288942340259899e-33,9.090944098274026e-34,2.5884947286557898e-33,1.3616284486380453e-33,1.6950084591928567e-33,1.6235290445740534e-33,3.791362272222101e-33,1.599557433779423e-33,1.739241019064301e-33,1.5234057851469988e-33,1.748167768981429e-33,1.422393222640859e-33,2.0108299316819677e-33,1.192594573165737e-33,1.8615966481948195e-33,2.4708361017440486e-33,3.162229250298326e-33,2.8809092949210827e-33,1.75962705453124e-33,1.6487474573557547e-33,1.4418242010827826e-33,2.2307140250391083e-33,3.21798756744309e-33
2017,Derecho,73914828634.95139,39282645810.6814,1.8947014784517051,98.95850868404072,18654257386.51001,0.3544521721207054,0.0383636175341876,0.2652153110067321,0.2279995059433045,0.2624200680050245,0.2528482425967379,,0.5314582545363055,0,0,-1,29,29,2.354491949069928e-33,2.8564269915238545e-33,1.9095264286934197e-33,1.8255503527844434e-33,1.0267568787957624e-33,2.700113684637395e-33,1.5235095489226972e-33,1.1673636703504734e-33,1.4037254360461277e-33,1.539201247158782e-33,1.9064917123619474e-33,1.239325192913282e-33,7.529042061135136e-34,2.1787562077571872e-33,2.1902715026922917e-33,1.43894183254331e-33,1.3582318229034133e-33,8.579965238815341e-34,1.475846635788428e-33,8.59652685423284e-34,8.51914170069855e-34,1.0891210752339981e-33,1.1228429714668306e-33,9.250626582027354e-34,1.7725257105638477e-33,1.7296827334643546e-33,3.361073482701345e-33,1.3741883320038239e-33,6.684320964685936e-34,1.0,2.5457229858704697e-33,1.3497367884988588e-33,1.0332736224964304e-33,1.4328322770024242e-33,9.578413630855299e-34,1.5851570766194564e-33,2.0727152070120144e-33,8.049171094892844e-34,9.967701800781778e-34,1.8989558189652565e-33,1.3235757209283743e-33,1.3631386958167938e-33,1.9410992466658695e-33,1.1871448558008668e-33,1.1282464646729467e-33,1.1824416299920656e-33,1.514914715302258e-33,1.9359161454913134e-33,1.6661290157646136e-33,1.3624725286113698e-33,2.076641801163361e-33,1.451404998747042e-33,1.1391288892922723e-33,1.089596432573216e-33,1.2535437099879579e-33,1.2484065501931914e-33,2.2497799025612427e-33,1.842699834931337e-33,1.0511357311882021e-33,1.9413262049583407e-33,1.4247719600634748e-33,3.763899575043255e-33,2.8160765457619464e-33,1.970250733016964e-33,1.731266967424734e-33,1.8510237875389416e-33,1.4549190697847258e-33,2.4554645295282123e-33,1.7976173878012537e-33,1.239906299177385e-33,1.3219074565919367e-33,2.9576855979217772e-33,1.591553566526507e-33,2.3087378184536104e-33,1.711413618163809e-33,2.0025033828698235e-33,1.7875875060176184e-33,1.894443157670562e-33,1.8089235759165485e-33,2.6832141248783e-33
2018,Derecho,70656453001.98996,37813596978.24871,1.0776141410197952,108.3763996589964,4384977940.901984,0.2771583093733158,0.0652397839356668,0.3014767097255383,0.1826322512985132,0.2354155057801477,0.2869965005772944,0.1054592798715842,0.5351754209510593,1,0,-1,63,63,3.6362502412981965e-33,1.8579014949447166e-33,2.1491633447858246e-33,2.394021500041353e-33,1.9236823009928335e-33,2.7152728933480013e-33,2.0931761450819784e-33,1.0855563658892378e-33,1.0999173567169959e-33,4.5378647434929334e-33,5.12256912663871e-33,2.222572550381984e-33,1.1317008676768245e-33,9.80498426642094e-34,3.791362272222101e-33,1.25015452190965e-33,1.742328946045224e-33,7.517336194858048e-34,1.200864070597093e-33,7.89820673747554e-34,9.664272793604915e-34,1.6859488283667072e-33,1.4358712603956134e-33,9.65290898977419e-34,1.5510405844787077e-33,1.6455410766590336e-33,1.5507156499829608e-33,1.1699974174100974e-33,1.4261605079761718e-33,1.970250733016964e-33,1.1414591236608496e-33,1.3693728418395066e-33,1.437793589597284e-33,2.5634997964872324e-33,9.791543093988626e-34,2.0665227977152277e-33,2.573702735593961e-33,9.584249989714913e-34,1.2802589610571003e-33,2.2055247008384267e-33,1.581968471956443e-33,1.3387319985428357e-33,2.0405506214043997e-33,1.638263176837927e-33,1.730572375428429e-33,1.2626448154179876e-33,9.993642960233629e-34,2.041879438240321e-33,1.4442672677557863e-33,1.2609534032988152e-33,3.665431026895751e-33,1.731572871287737e-33,1.7144549895404978e-33,1.3938175898822366e-33,1.0048852102959061e-33,1.9714861728480397e-33,3.761987998176045e-33,4.672798395011267e-33,9.06750705413762e-34,2.4081151644692685e-33,1.2859965425412204e-33,1.6484726956188654e-33,4.1053450406533676e-33,1.0,1.505899533881936e-33,2.0460554694824275e-33,1.36649684623435e-33,2.6483034520918187e-33,1.4575226712006904e-33,2.0612389967812496e-33,1.7916267674042205e-33,1.9215727483476034e-33,2.2731622579440327e-33,2.1565582844760143e-33,2.407595670119981e-33,2.1118310676930295e-33,1.88779978678774e-33,1.4356623981713324e-33,4.502288750581494e-33,4.077514756692552e-33
2019,Derecho,75070147574.88701,43114387437.6935,1.584289174876964,117.74825560584247,6007720923.849249,0.3330335332677542,0.0889780722325152,0.1264801260626399,0.1560507293328628,0.246472641446685,0.3782723195794628,0.0725342847680438,0.5743213358503697,0,0,-1,39,39,4.016199299491441e-33,4.6536449367596886e-33,1.6565380754801465e-33,3.7024730023670305e-33,1.824585037386038e-33,4.3839868192593964e-33,2.0888722844046264e-33,1.5002602479397688e-33,1.3403478251986936e-33,1.9905155196444656e-33,1.646087585914227e-33,2.358734117375018e-33,1.2212663678995796e-33,1.5350410515086679e-33,1.3938051447703769e-33,1.117840065297869e-33,2.6790417067158456e-33,1.185129549281872e-33,1.632741323799187e-33,1.2041406082712286e-33,2.571658027882734e-33,1.3625148174705352e-33,1.5773222851414267e-33,1.603497962724867e-33,3.0512577624372407e-33,2.5701569314122134e-33,2.4691819907162328e-33,1.732119119407999e-33,1.3682648959826209e-33,1.8989558189652565e-33,1.2325949117364736e-33,1.4158772743532648e-33,1.5231527703598353e-33,2.3301266548540183e-33,1.2068670891188916e-33,2.1764740804465947e-33,2.0056514663014562e-33,1.0920289561118982e-33,1.5790286566925924e-33,1.0,1.7285423867746775e-33,1.5515825434351277e-33,3.5863441821904386e-33,1.7607437174404234e-33,3.0766083280891675e-33,1.9746117331708344e-33,1.1745702474736551e-33,1.7823281817565983e-33,1.5531918466363998e-33,2.14005068879006e-33,2.1930808750045886e-33,3.6307116050623896e-33,1.5362454955789743e-33,1.6518066092527243e-33,1.400395441003032e-33,1.7840694781736784e-33,3.46621575189138e-33,2.0434659990249526e-33,1.1271354886689917e-33,2.1912256030765445e-33,1.1180062270315613e-33,3.3604153392306004e-33,4.2867421627055595e-33,2.2055247008384267e-33,2.1343605723917303e-33,2.7565259213300844e-33,1.262954913031305e-33,2.663931151935427e-33,1.671843977321147e-33,1.7197470621262035e-33,2.001620031514812e-33,3.3528103631734634e-33,2.2587591056649966e-33,1.6815942963051673e-33,1.9156168064869323e-33,4.658694918635773e-33,3.772247498576129e-33,1.4745235609927048e-33,4.9621591759721266e-33,4.2737911127870164e-33
2020,Derecho,77427696345.47656,34258780662.42544,1.2595044441119143,117.77438587002888,4036273328.2344494,0.3310209379392788,0.0483629958036625,0.1870219955863852,0.2100377838875872,0.2409843515710691,0.2914257449356571,0.1171316925147852,0.4424615774381991,0,0,-1,50,50,3.8325957494860924e-33,2.38319627027822e-33,2.4090918420443083e-33,2.1137590500635416e-33,1.641852335550633e-33,4.202093976549297e-33,1.5609518921015084e-33,1.0682003250398367e-33,1.280692084552466e-33,3.009861744555689e-33,2.51245211863603e-33,2.1243460798563955e-33,8.977412409115369e-34,1.0193262522591981e-33,2.3386799060020998e-33,1.3474630196996429e-33,2.083673110696276e-33,8.848120016455981e-34,1.0570699160067928e-33,6.699525015832935e-34,1.0412281550167228e-33,1.3352086097105073e-33,1.0613609356593325e-33,7.934269919710119e-34,2.510420746222005e-33,2.7717504513979468e-33,2.504422145041464e-33,1.4696729986331484e-33,1.145448761901037e-33,2.076641801163361e-33,2.133634139333108e-33,1.4776969662665672e-33,1.4475691188344103e-33,1.6872787621104174e-33,9.789048248130226e-34,1.29305561820648e-33,2.405524204827475e-33,7.922667551919277e-34,1.4869388841195767e-33,2.1930808750045886e-33,2.0183528384157456e-33,1.3189696518408675e-33,1.7020236016836045e-33,1.1608163978160164e-33,1.3050438465301294e-33,1.2524856298966955e-33,9.395399039902635e-34,3.2268047788310804e-33,1.0404157250669146e-33,1.2468008476805305e-33,1.0,1.919584963783749e-33,1.1432776929780025e-33,1.238140108022926e-33,9.349377141921563e-34,1.3373327055563068e-33,2.2196610028428122e-33,2.690919474579887e-33,8.864125909320569e-34,2.8427639165969327e-33,1.2671168485841016e-33,1.5429381098695193e-33,3.6467798421329595e-33,3.665431026895751e-33,1.6957204006661004e-33,1.9768203807131274e-33,1.255063210905206e-33,2.2016567490388376e-33,1.6809334835684417e-33,1.972699412170861e-33,2.295054942863733e-33,1.8819782265022693e-33,2.0125774524740743e-33,1.4282969643504731e-33,1.85544017230154e-33,1.900461869264684e-33,2.250299617426985e-33,1.767479039373413e-33,2.3158817537387192e-33,3.512337045160264e-33
2021,Derecho,80648172909.88522,41291890163.569565,1.1381188125995645,107.24032658491411,5523009515.140212,0.4375338015515433,0.0485808382628514,0.1448270800375302,0.1707057041402904,0.2832549902936201,0.3794523711180442,0.0576049122538079,0.5120003178461137,1,0,-1,25,25,2.5490559498073836e-33,2.8019385613302826e-33,1.6425151799973136e-33,1.623795688752164e-33,1.896588317987007e-33,3.166441123712684e-33,1.1668832839757532e-33,1.6386913032969564e-33,2.7165407136139973e-33,1.9549809651200398e-33,1.680775438892573e-33,1.6906239122573505e-33,8.032962698333027e-34,1.3289512300521793e-33,1.3936690253363352e-33,9.345493204218271e-34,1.8726825315361127e-33,1.6040092700963496e-33,1.5130979104558546e-33,1.0871059682894291e-33,2.0511559955588394e-33,1.2818804044348279e-33,2.221195683948626e-33,1.0881141276752127e-33,3.8866224101241005e-33,1.0,2.3602483746142673e-33,3.8879578657696436e-33,1.378100284755899e-33,1.7296827334643546e-33,1.5547860956322276e-33,1.8530476655729843e-33,1.4638434557248472e-33,1.4297826823541238e-33,1.1405213208861362e-33,1.3624032177264818e-33,2.0476117376330946e-33,1.1057483265779598e-33,1.2459799721718956e-33,2.5701569314122134e-33,5.3490059031514676e-33,1.3826242555070243e-33,2.0162857962341336e-33,1.0482952036279302e-33,1.6719630025321087e-33,1.8397484425736913e-33,1.2153005201382696e-33,2.7120272808966907e-33,1.1157934250405454e-33,1.8099168248206134e-33,2.7717504513979468e-33,4.375919379031112e-33,9.081975054876726e-34,1.1138074207287882e-33,1.2989758893250219e-33,1.5980973247165983e-33,1.8698931131909878e-33,2.093154340103376e-33,1.3340702714260608e-33,2.129676721755894e-33,1.0899225834808769e-33,1.5176678043032122e-33,2.574892249359638e-33,1.6455410766590336e-33,4.057024670451782e-33,4.7987976481157734e-33,1.7620955378077688e-33,2.1829954944743287e-33,2.875562647196215e-33,1.4769947730226575e-33,1.8293547355004353e-33,1.785337377377301e-33,1.5037698448323075e-33,1.3798113752487474e-33,2.1335568973976615e-33,2.997670930762794e-33,3.509446804553035e-33,1.9543535823290256e-33,1.9016210213580137e-33,2.892653322231498e-33
2022,Derecho,79250787189.42578,40448731007.69087,0.9856926546929684,148.30013836911058,5087583596.692193,0.3067277187552112,0.0785916893988542,0.283041063461338,0.2334981530256485,0.2445239077244022,0.3612442233566642,0.0423857087946777,0.5103890124272208,0,0,-1,9,9,2.8733798007521378e-33,2.394137212635229e-33,2.632225460907171e-33,2.6288885369305844e-33,2.2285658764685e-33,2.07532759236397e-33,1.3925739200854733e-33,1.1374524799003728e-33,1.257910435320929e-33,1.0,2.8516369726517607e-33,2.3602401909382628e-33,1.2748318121181047e-33,1.146112873860977e-33,2.0662335356413024e-33,1.3582376604542886e-33,2.1485468513792476e-33,8.103283319427118e-34,1.2000933328480571e-33,7.557292594636203e-34,1.2886303953288488e-33,1.4615658068133458e-33,1.6510452583068183e-33,9.882174689007941e-34,1.7937461198346268e-33,1.9549809651200398e-33,1.5171778925229954e-33,1.3154727689413366e-33,1.568122587681341e-33,1.539201247158782e-33,1.1288479439882804e-33,1.4228405857772662e-33,2.1564903148862874e-33,1.7243528494165735e-33,1.43732344603544e-33,2.0356872312784633e-33,4.641122497918805e-33,1.189628175064537e-33,1.54391727351534e-33,1.9905155196444656e-33,1.8594052585289984e-33,1.1954126638150905e-33,1.8480974673704215e-33,1.6361470474020072e-33,1.2936671458374817e-33,1.2158334763657611e-33,1.1579731656351493e-33,1.555002137657092e-33,1.4227950536971042e-33,1.2485038344781397e-33,3.009861744555689e-33,1.7221080461818052e-33,1.812977254334332e-33,1.5258887810048761e-33,1.1040339934215745e-33,2.2483638066254105e-33,2.4488097605572235e-33,4.375072652460287e-33,8.982747743993564e-34,4.764177355803482e-33,1.2348785379306372e-33,1.4760329507229054e-33,2.8447036878601336e-33,4.5378647434929334e-33,1.369756558043644e-33,1.9993741189553794e-33,1.1441412630236244e-33,1.8795693157332598e-33,1.3637456088292305e-33,1.8856267157725726e-33,2.1771001526715907e-33,1.965983056318528e-33,2.768397277044318e-33,1.6336563402787638e-33,1.740032508732118e-33,2.191337295776028e-33,2.2780417754236483e-33,1.803878437177712e-33,2.7072281319349688e-33,2.8638291599555622e-33
2023,Derecho,79873026431.13173,37548952278.077225,1.3013768958698404,114.84001060384352,4534525201.259234,0.3224966914249079,0.0709928519160077,0.2351893965393094,0.1897506304212349,0.2333312759338735,0.3499108777986123,-0.0326044844672024,0.4701080446782964,0,0,-1,59,59,3.195606966090909e-33,3.619372747572029e-33,3.1678208613647566e-33,5.021996280872359e-33,3.0353590565486683e-33,2.801783542311956e-33,1.5181572060572542e-33,1.5968518986713636e-33,1.2668797247165313e-33,4.764177355803482e-33,2.9096347981679872e-33,2.9609856687404393e-33,1.2569262561357805e-33,1.5125178619163924e-33,2.5884947286557898e-33,1.89300658915356e-33,2.2918555356606383e-33,1.0572590338547242e-33,1.5896582166974545e-33,9.005901943877996e-34,1.5398065271812624e-33,1.3980749531918868e-33,1.4555393548891617e-33,1.1598047155770926e-33,1.720934778415117e-33,2.129676721755894e-33,2.004697088267469e-33,1.7194470483529373e-33,1.1927515471114235e-33,1.9413262049583407e-33,1.5969314856346933e-33,1.8179890447603396e-33,1.781107934323846e-33,1.8292329121603478e-33,1.689881757108484e-33,2.7458052072309776e-33,4.7015197266689496e-33,1.2007142055984635e-33,1.5362583293410825e-33,2.1912256030765445e-33,2.4696345546468633e-33,1.2281008805331096e-33,2.8591247207590133e-33,2.678722191833148e-33,1.3559915129904538e-33,1.3429572609151216e-33,1.4219581733276816e-33,1.7460195368331894e-33,1.437044714125385e-33,2.038377737902557e-33,2.8427639165969327e-33,2.1590798133073954e-33,1.685290934844912e-33,2.1877905635255708e-33,1.4841350817691603e-33,2.308704558358503e-33,2.1410814723530665e-33,4.744399808188646e-33,1.0792663630134125e-33,1.0,1.2198424081637742e-33,2.339364062759154e-33,2.0899433723596046e-33,2.4081151644692685e-33,1.827401250575873e-33,2.2415930849625828e-33,1.4102500624551043e-33,2.261909784095537e-33,1.931103562339655e-33,2.7721533405945907e-33,2.1831848624584406e-33,2.775500642600365e-33,2.9430855204359935e-33,2.756882522685784e-33,2.6113186592297204e-33,2.489339893254765e-33,3.576647393095216e-33,2.186147251448656e-33,2.566808391734254e-33,4.0096479873377096e-33
2024,Derecho,82781817431.34923,49539553719.94651,1.64089453717967,60.590423678328655,5347246747.377034,0.3332885033019108,0.0316421102394066,0.2420291150144499,0.1833038167814508,0.2482502117494692,0.5547485436241043,0.0130836379556963,0.5984352030085538,1,0,-1,18,18,1.850903438953961e-33,2.6715935006050277e-33,1.3426356647610729e-33,1.728234490644248e-33,2.517389482605219e-33,1.9977087741013737e-33,2.4203960678371723e-33,1.621993130513366e-33,1.1608459166677767e-33,1.2000933328480571e-33,2.024788110558125e-33,9.62705295885133e-34,1.1103141872458688e-33,2.190703982367545e-33,1.3681169790507421e-33,7.568945155807484e-34,1.2908145435274507e-33,8.635862229296248e-34,1.0,1.2404202384684221e-33,1.3758666795029246e-33,2.1155925090680465e-33,1.297861772914712e-33,1.7570547472249533e-33,1.989899086709052e-33,1.5130979104558546e-33,1.2364009756002492e-33,2.2204384005544425e-33,1.2592028447129051e-33,1.475846635788428e-33,1.0557102330732454e-33,1.0169679746329944e-33,1.6534633092584423e-33,1.65896788597776e-33,9.463738694273908e-34,1.6409190740723707e-33,1.509124705924651e-33,2.1887873499679805e-33,9.721561432116605e-34,1.632741323799187e-33,1.6879177344023513e-33,1.0901086639159484e-33,1.709443207460325e-33,1.6635950254812435e-33,1.4139149244194209e-33,1.1001581941120747e-33,1.0919594495318155e-33,1.8158012610091124e-33,1.4094657692973264e-33,3.0030692266748988e-33,1.0570699160067928e-33,2.0100535082442654e-33,1.2302915643161428e-33,2.3239182524702018e-33,1.4791171375077294e-33,3.3874793155170816e-33,1.6494093014513977e-33,1.0951192601733227e-33,2.4098638567728378e-33,1.5896582166974545e-33,1.2876527970501833e-33,2.2397854224938087e-33,1.4234351075798295e-33,1.200864070597093e-33,1.2084269045655676e-33,1.4242090626404018e-33,1.1022576111150454e-33,2.736207896110872e-33,1.3932066420435574e-33,2.1836027208481714e-33,1.1054805953146382e-33,1.688368816879893e-33,1.4624263258654358e-33,3.0752385831464817e-33,3.502564267220688e-33,2.08816077793106e-33,3.3094993029634356e-33,1.841508350823062e-33,1.8837766924959782e-33,2.4638013386612125e-33
2025,Derecho,85755137057.07195,48027374667.70742,1.291024483117724,118.58787273433094,3472714783.7870493,0.2884435850858764,0.0900516181161887,0.0805943558457498,0.1165117429284947,0.2914936870211675,0.48705556330727,0.0033411406441289,0.5600524506857721,1,0,-1,20,20,1.5764394940041792e-33,1.825076049209632e-33,1.0300660749036853e-33,1.6691462540803145e-33,2.050639920715147e-33,1.5853324603212202e-33,1.2231119622695104e-33,1.4676642591741349e-33,1.1369597194958976e-33,1.2886303953288488e-33,1.0710846725865997e-33,1.2233171965918272e-33,9.37865310519276e-34,1.0541427484704708e-33,9.274063294505477e-34,7.531804561106728e-34,1.6749958241288925e-33,2.0405991914665818e-33,1.3758666795029246e-33,2.0505556952919144e-33,1.0,1.069037898038588e-33,1.454062001652385e-33,1.4080058365306017e-33,1.66079720147871e-33,2.0511559955588394e-33,1.0774937474810206e-33,1.5937938790880663e-33,1.3274530979764432e-33,8.51914170069855e-34,7.593354386378731e-34,1.3007811093889649e-33,1.3517602539928899e-33,1.0603549854648324e-33,1.1180374133078716e-33,1.2759776206044494e-33,1.3548262626201989e-33,1.1593655773775e-33,1.1767291320382263e-33,2.571658027882734e-33,2.0400052882605945e-33,8.736513668129119e-34,2.211083267006997e-33,1.2125705145894875e-33,2.1462368192587183e-33,1.419975471110568e-33,8.672470795853092e-34,1.1701424028991837e-33,9.83685235528681e-34,1.7383392557900197e-33,1.0412281550167228e-33,3.706360402531335e-33,1.0448450491397956e-33,1.2138199594063814e-33,1.1204022468084412e-33,1.5195365227808735e-33,1.1499686347260072e-33,1.2798595091342662e-33,1.0839929085962147e-33,1.5398065271812624e-33,7.3958849265383914e-34,1.3138216015276082e-33,1.2159293049116396e-33,9.664272793604915e-34,1.688788329773412e-33,1.552929689725697e-33,9.837616645161429e-34,1.2688838847950785e-33,1.2470738879590257e-33,1.3969030777214757e-33,1.2374650238320012e-33,1.2434314924903494e-33,1.179212549174778e-33,1.1252710052969181e-33,1.461485161066369e-33,2.164314895791429e-33,2.4476688843588396e-33,1.1038055845368177e-33,1.694748766440231e-33,1.5481161986868003e-33
2016,Educación,92560911717.48232,42678068075.53863,1.8699041909327616,113.50005159538584,7471860875.417036,0.403408019366454,0.0668651596195513,0.2146662754720879,0.1890504658827481,0.2649092083113633,0.3804823461736828,0.0601253762588597,0.461080895635537,0,0,-1,26,26,2.9320528296710623e-33,3.659523481444411e-33,2.0425190686111195e-33,2.2184519222200877e-33,1.1973639244411064e-33,4.232576689041033e-33,1.1848968589538918e-33,1.2750333670143835e-33,1.851287430645145e-33,1.5171778925229954e-33,1.590728322211921e-33,2.18538026117076e-33,8.304049706047194e-34,2.012397627428543e-33,1.62463498081083e-33,1.2019286840470566e-33,1.714822153365703e-33,1.1070291362137171e-33,1.2364009756002492e-33,7.256183474845012e-34,1.0774937474810206e-33,1.0089542282541346e-33,1.344034408411639e-33,7.895207096892244e-34,2.5328183073972418e-33,2.3602483746142673e-33,1.0,1.5986850822582215e-33,8.791361203645638e-34,3.361073482701345e-33,3.5309372618710564e-33,1.3142374145719554e-33,1.0212654505398871e-33,1.6323138800300568e-33,9.883087941228529e-34,1.455658995306249e-33,1.8894716946497473e-33,8.759261029180484e-34,1.249551312398481e-33,2.4691819907162328e-33,1.617110754933163e-33,1.5370858935674668e-33,2.03078898808467e-33,1.2694124649744282e-33,1.26554908371526e-33,1.4615230433304701e-33,1.3201157725305359e-33,1.51586570025479e-33,1.9859999875321052e-33,1.9172239188763796e-33,2.504422145041464e-33,1.640595926387802e-33,1.0767084583387348e-33,1.412124451459643e-33,1.469219806250449e-33,1.0509651982067726e-33,2.3898791954145297e-33,1.8226930486164724e-33,9.075951160297921e-34,2.004697088267469e-33,1.3220909675038325e-33,2.4311615791019436e-33,3.0439936174465004e-33,1.5507156499829608e-33,2.3461536179934962e-33,3.0845534260461244e-33,1.425582403528202e-33,1.899065845119102e-33,2.000947239387082e-33,1.1919966144105132e-33,1.450108959317464e-33,5.782994874502892e-33,2.812970186015857e-33,1.9200901315712636e-33,1.6188170196458656e-33,2.0807381326854807e-33,2.628028897246576e-33,1.811650642786405e-33,1.7388600906807124e-33,2.741960421842953e-33
2017,Educación,95914574207.74568,54093464971.37405,1.3280490625644423,73.53088161531302,8803698878.14121,0.333324800343495,0.0866126155272129,0.2308198284136005,0.2302185728778525,0.23905230827951,0.3580410206784873,0.0757396214612549,0.5639754481337798,1,0,-1,56,56,3.3868670044380414e-33,3.560558984363202e-33,2.767553405374509e-33,4.642411899173354e-33,1.84455665224776e-33,4.219011456083686e-33,2.5697245781753272e-33,1.3893594372183433e-33,1.3498097477628236e-33,2.4488097605572235e-33,3.574147294061527e-33,3.0307092297555144e-33,1.3240811904612594e-33,2.1134404313927846e-33,1.8337632372368464e-33,1.3282145297224814e-33,1.692260332530527e-33,8.710625021179327e-34,1.6494093014513977e-33,1.0013930916367815e-33,1.1499686347260072e-33,1.4760354153943517e-33,2.034062577840825e-33,1.754222156968715e-33,2.7253964351605662e-33,1.8698931131909878e-33,2.3898791954145297e-33,2.064721830154125e-33,1.4410415199823594e-33,2.2497799025612427e-33,1.4791399384461692e-33,1.4409708151342328e-33,1.829473579248962e-33,7.580582601536738e-33,1.1442230963854791e-33,2.2297410463770224e-33,2.198391264903402e-33,1.2493642967712994e-33,1.2795212632958073e-33,3.46621575189138e-33,1.5019706801458225e-33,1.97161400168549e-33,2.0904899671458468e-33,2.4860199118687458e-33,2.2362183876491733e-33,1.4601512990989311e-33,1.643785568605212e-33,2.200547298928489e-33,2.763356606268067e-33,2.0967559262452077e-33,2.2196610028428122e-33,2.4591900080810654e-33,1.6608543432441752e-33,2.1727503448156248e-33,1.746314094053168e-33,2.4319567799993524e-33,1.0,2.8880836733442497e-33,1.287307015344577e-33,2.1410814723530665e-33,1.4357893623015366e-33,2.5251505324279382e-33,4.881364739782577e-33,3.761987998176045e-33,1.5345486364427573e-33,3.386479656833885e-33,1.4418268031041506e-33,4.4042718804619974e-33,1.9340746068548496e-33,2.143658732431692e-33,2.1613507983164884e-33,4.065598410431136e-33,2.3844252952838603e-33,2.8541434584687093e-33,2.2935374060006204e-33,5.210802570473231e-33,2.5029777666709082e-33,2.0660082464782315e-33,6.516040716321972e-33,5.7786465984367796e-33
2018,Educación,91969266884.93433,53648214311.3473,1.2456695292992188,97.13288596965376,9056382703.450983,,0.0631949739011184,0.1369762464618521,0.2035474221884324,0.2533906401847551,,0.0098902598899709,0.5833276281137294,1,0,-1,75,75,4.72232067379797e-33,4.32845395158369e-33,2.3115829994702346e-33,5.8713906270264935e-33,2.2707913024717827e-33,4.5171776171817656e-33,2.190422546613875e-33,1.7772312834377585e-33,1.7144364945530235e-33,2.191337295776028e-33,2.4208836843512195e-33,2.0608107272784343e-33,1.1740665849733148e-33,2.2421415442723143e-33,1.75962705453124e-33,1.5135313861300597e-33,1.930268900857908e-33,1.5155471190304601e-33,2.08816077793106e-33,1.8177645804433587e-33,2.164314895791429e-33,1.6155115819577885e-33,2.0860031206121263e-33,2.7867716555334047e-33,3.152038021168284e-33,2.997670930762794e-33,2.0807381326854807e-33,3.705231708894093e-33,1.389211581492172e-33,2.0025033828698235e-33,1.487876986467707e-33,2.8092805500276168e-33,2.9676857043379953e-33,2.4914163774272122e-33,1.6981698842670137e-33,3.190434445018965e-33,2.162787688946864e-33,1.4956874693990185e-33,1.7353178757189854e-33,4.658694918635773e-33,2.7331761721617607e-33,1.679738852408419e-33,2.9437041901754655e-33,2.3747147561029252e-33,2.5480409592716647e-33,1.6073529809449048e-33,2.0809803862240053e-33,2.7131166662878447e-33,1.6313181383221985e-33,2.3802269536903885e-33,1.900461869264684e-33,6.993485995760788e-33,1.5425187047316038e-33,1.5394835506060526e-33,1.7655704560783777e-33,3.6993465793695436e-33,5.210802570473231e-33,2.5870858097198267e-33,1.718548914253113e-33,2.489339893254765e-33,1.5020601024487458e-33,3.0877585460236995e-33,2.7410063568328312e-33,2.1118310676930295e-33,2.1968778133975017e-33,3.75279112005228e-33,1.696614444361229e-33,3.0688454533959387e-33,2.1733272012230146e-33,2.202954429066327e-33,2.3128063382590578e-33,3.0132104951603392e-33,2.1412348280993206e-33,2.259287672141519e-33,2.3388966217170695e-33,1.0,3.2920394381453974e-33,2.3656948441792126e-33,6.54857595282106e-33,5.878725351017554e-33
2019,Educación,97726443270.3066,50828415460.18506,1.4161402864368169,97.9081739859224,9677123329.69856,0.2713214881593878,0.0828131248589492,0.180591722055617,0.1906093583359319,0.2248591424608058,,-0.007432946243688,0.5201091307456686,0,0,-1,3,3,4.9485603954645655e-33,4.2219725519116206e-33,3.249089673278816e-33,1.0,2.7455170551850028e-33,4.4657782996399524e-33,2.375849732523023e-33,1.6470523519335432e-33,1.1829782640241574e-33,2.6288885369305844e-33,2.994344197138494e-33,3.579591379600018e-33,1.4730601929754923e-33,1.9943649232354584e-33,2.3069002476113703e-33,2.1843495493375095e-33,2.2199252059597185e-33,1.1227912794962582e-33,1.728234490644248e-33,1.1573879332928527e-33,1.6691462540803145e-33,1.4260764216561614e-33,1.4689351244378417e-33,1.8555338666438814e-33,1.959152926469439e-33,1.623795688752164e-33,2.2184519222200877e-33,1.8452136311637295e-33,1.3242465068537198e-33,1.8255503527844434e-33,1.5753903001915244e-33,2.096205082512301e-33,2.3601757926684248e-33,3.0826419998453924e-33,1.849484272450764e-33,3.638953490752625e-33,2.6066829580287306e-33,1.3403541518134477e-33,1.751950477211135e-33,3.7024730023670305e-33,1.8723585786895034e-33,1.3898433508414839e-33,3.2753045517237646e-33,6.045781256202427e-33,2.086309857149621e-33,1.3862088504274024e-33,1.7445549832058085e-33,1.8256111974216054e-33,1.8802377046893923e-33,2.787795639161531e-33,2.1137590500635416e-33,2.882817241274203e-33,2.2930706191149523e-33,2.633475196570926e-33,1.8634838403619498e-33,2.8614380263545075e-33,4.642411899173354e-33,3.348393646604814e-33,1.2378826298939513e-33,5.021996280872359e-33,1.3495508441240314e-33,3.697868479050011e-33,2.357689082248294e-33,2.394021500041353e-33,1.6197846598469547e-33,2.3837265888002436e-33,1.4109700047971716e-33,2.673437470003467e-33,1.752787274063329e-33,2.8942316971921057e-33,2.3567339902005435e-33,4.37552496836723e-33,3.609639794125938e-33,3.2887397085156556e-33,2.394064773503871e-33,5.8713906270264935e-33,3.194043184122298e-33,2.0810558409777088e-33,6.496728688570125e-33,6.1076728349820345e-33
2020,Educación,101143974565.97543,58849032945.07658,1.2656935829289473,98.42892482631122,9404759282.88375,0.2726237295661396,0.0706702163667965,0.1992190311922124,0.1610658011971683,0.232813932769221,0.3478128013579017,0.0677123411776916,0.5818342931213348,0,0,-1,78,78,5.050164417508518e-33,3.31796646408038e-33,2.522661049100007e-33,6.496728688570125e-33,2.885372462687941e-33,4.52016562789249e-33,3.909355433304406e-33,1.8715593666780385e-33,1.3422737904665265e-33,2.7072281319349688e-33,4.8320745738203086e-33,2.288896308803373e-33,1.6454307239387647e-33,1.4393826135211649e-33,2.2307140250391083e-33,1.5160795347909332e-33,2.94608602941279e-33,1.0364219062659406e-33,1.8837766924959782e-33,1.295896677879717e-33,1.694748766440231e-33,2.1575743381150067e-33,1.8365686678880022e-33,2.2072205830077502e-33,2.6387220875999803e-33,1.9016210213580137e-33,1.7388600906807124e-33,1.6712622208794135e-33,1.9176066123842938e-33,1.8089235759165485e-33,1.197819894068923e-33,1.894758632664483e-33,2.3750446566451877e-33,3.1635112172898955e-33,1.4899243956673917e-33,3.0596110004146405e-33,2.8807562209249252e-33,1.4864192594429951e-33,1.6913270115175693e-33,4.9621591759721266e-33,2.110584477409107e-33,1.5881123225031164e-33,4.7826474580557216e-33,2.574714896269992e-33,4.261401518863953e-33,1.9821358530154667e-33,1.3888572060267684e-33,2.5043764793656632e-33,1.6584301203705413e-33,2.2420200790078287e-33,2.3158817537387192e-33,3.7552602913160216e-33,2.7044289357610244e-33,1.8738159892072966e-33,1.576104326020487e-33,4.6380689061175355e-33,6.516040716321972e-33,3.3308814232134655e-33,1.5614889907833283e-33,2.566808391734254e-33,1.4028425203604594e-33,3.300036376094125e-33,4.16054494573962e-33,4.502288750581494e-33,1.9464556224744045e-33,2.364747103390995e-33,1.7181745107653694e-33,4.680186869257443e-33,1.9834954362539476e-33,3.022781651765711e-33,2.805815670483807e-33,2.5700619768962058e-33,2.255036974319658e-33,3.036898121461879e-33,3.183194115659436e-33,6.54857595282106e-33,3.371129813769254e-33,1.9395845651593446e-33,1.0,7.047319186429966e-33
2021,Educación,91449781806.6488,48757990936.1422,1.6057052399496714,54.30643039410653,5394111111.806449,0.2922809457089753,0.057014181165051,0.3193381518584581,0.1529812226485427,0.2458802639114124,,-0.0019262774741486,0.5331668372837745,0,0,-1,73,73,2.462674256773982e-33,2.6782328070405096e-33,2.2147151241002078e-33,3.2887397085156556e-33,2.6903776799160798e-33,2.7088092286139756e-33,2.750650577190382e-33,1.8913816459609736e-33,1.212045983927389e-33,1.6336563402787638e-33,6.199717468337288e-33,1.6970426384802668e-33,1.2672495087071132e-33,2.0260053545416736e-33,3.162229250298326e-33,1.2243497142924013e-33,1.5246801426977176e-33,9.70076340709533e-34,3.0752385831464817e-33,1.1751209973660628e-33,1.1252710052969181e-33,1.856469065045893e-33,1.6042360186330907e-33,1.3716429970335032e-33,1.5632565928934904e-33,1.3798113752487474e-33,1.9200901315712636e-33,1.614394115953326e-33,1.1384819925690064e-33,2.3087378184536104e-33,1.4232444301889331e-33,1.355688549614193e-33,1.2773896298733842e-33,2.6446264426843542e-33,1.047075456926112e-33,2.6165610753439702e-33,2.4226831129433354e-33,1.478361157568342e-33,1.0640304566858814e-33,1.6815942963051673e-33,1.7693107873742463e-33,1.348044107475099e-33,3.252791667266918e-33,2.9931383351348667e-33,1.7742495457760084e-33,1.3559745226310566e-33,1.3760836360128825e-33,1.7829648186353425e-33,2.511276663337563e-33,3.229205843846966e-33,1.4282969643504731e-33,1.8926190684258757e-33,1.7659269077388287e-33,2.9975182230268815e-33,1.8660789551475487e-33,2.836708115118851e-33,2.8541434584687093e-33,2.492395347027464e-33,1.5422703827179505e-33,2.756882522685784e-33,1.387293895334789e-33,3.0536198601795697e-33,1.9442941363219988e-33,2.1565582844760143e-33,1.7210070565131965e-33,1.9824695970304722e-33,1.6995991994126338e-33,3.847887275405507e-33,2.0826217355696167e-33,2.9365812151892398e-33,1.3554444493198669e-33,2.852553178045848e-33,2.128484474244678e-33,1.0,6.476392466124844e-33,2.259287672141519e-33,3.0318403420754223e-33,1.9911993204475024e-33,3.036898121461879e-33,3.835835355859174e-33
2022,Educación,107232859160.89024,55820005067.738335,1.1671207984970522,72.04445590711043,,0.2739953445755193,0.0475195029952026,0.31022181617013,0.178997594216736,0.2414307870881066,0.3466011330154218,0.0624654716410808,0.5205494426292132,0,0,-1,10,10,3.1210123689425904e-33,2.278455596643155e-33,3.1277114108646764e-33,2.994344197138494e-33,3.383669536492052e-33,3.133850828015188e-33,3.27084022963268e-33,1.738092560632004e-33,1.334628375912025e-33,2.8516369726517607e-33,1.0,1.8252564846048286e-33,1.414199229814742e-33,1.3501782348613875e-33,4.10081900894747e-33,1.3781921868771026e-33,1.966688160351456e-33,8.888135237565129e-34,2.024788110558125e-33,9.848482587310452e-34,1.0710846725865997e-33,2.5873218632625795e-33,1.7089736431163078e-33,1.3058536478473154e-33,1.9721254578572743e-33,1.680775438892573e-33,1.590728322211921e-33,1.5880009760611807e-33,1.6949974423553697e-33,1.9064917123619474e-33,1.3965889583001612e-33,1.6157105527032055e-33,1.8681182090325686e-33,2.7286127321922237e-33,1.1421226919633231e-33,2.1333959060056158e-33,3.446687753561052e-33,1.4961991161372099e-33,1.2898362945347819e-33,1.646087585914227e-33,2.292076444648043e-33,1.432344397381672e-33,2.704644903162254e-33,2.1147077388807595e-33,2.0143061141964398e-33,1.4678961233628653e-33,1.2446467705314551e-33,2.9051700888348972e-33,1.739762653710754e-33,2.0144247399433186e-33,2.51245211863603e-33,2.1561993562158178e-33,2.0883352614290536e-33,2.1141838683462767e-33,1.4431338812246842e-33,4.140856605521612e-33,3.574147294061527e-33,3.7708467002924464e-33,1.5782794572161073e-33,2.9096347981679872e-33,1.5672800492350714e-33,1.9900958591428074e-33,2.7324462875280003e-33,5.12256912663871e-33,1.687262360209353e-33,1.963402541419401e-33,1.868974881519757e-33,4.870711462321593e-33,2.1973364171734024e-33,4.182537410407207e-33,2.0890607608960692e-33,1.958668962275654e-33,2.0033416390424083e-33,6.199717468337288e-33,5.906079485226255e-33,2.4208836843512195e-33,2.7637223818731766e-33,2.3878501038252596e-33,4.8320745738203086e-33,4.6605273970623496e-33
2023,Educación,103412215267.8171,57588204553.58153,1.5881479026486172,115.91465747830154,,0.307182013638535,0.0674304936359953,0.212069739652075,0.092516562774471,0.2553539535359269,0.3062602440375931,0.0168428934138506,0.5568800978147458,0,0,-1,42,42,2.8664973637377316e-33,3.204648736926907e-33,1.8565887180082094e-33,3.2753045517237646e-33,2.2732436102732525e-33,2.909132101789544e-33,2.0604506116858416e-33,2.696577147401845e-33,1.5567826364614274e-33,1.8480974673704215e-33,2.704644903162254e-33,1.685971257424611e-33,1.380259126028754e-33,1.3188250784877213e-33,1.842948243090534e-33,1.3723732759066606e-33,3.867370192227698e-33,1.4160536948973415e-33,1.709443207460325e-33,1.3736660773582492e-33,2.211083267006997e-33,1.7647563837556505e-33,1.776438850320325e-33,1.4698518335874813e-33,2.1126044173808397e-33,2.0162857962341336e-33,2.03078898808467e-33,1.3285255696638178e-33,1.2681503007403935e-33,1.9410992466658695e-33,1.1974391715944382e-33,1.7486100076151026e-33,1.2869297963583481e-33,1.4771969599600884e-33,1.3976906731457497e-33,2.7363154199895362e-33,3.614541302067241e-33,1.283808691320254e-33,1.5171077939189528e-33,3.5863441821904386e-33,2.4975354155581618e-33,1.4009448795774556e-33,1.0,1.6505202601058753e-33,3.410620143657163e-33,3.098167524102609e-33,1.2491226870460597e-33,1.6471410050233544e-33,1.4706060984323288e-33,2.2651800085917634e-33,1.7020236016836045e-33,2.9551080967633813e-33,2.123805294362026e-33,1.4838315852334424e-33,1.5882073054556008e-33,2.5002242076984167e-33,2.0904899671458468e-33,2.877734925614756e-33,1.4177056380441518e-33,2.8591247207590133e-33,1.1621150274472279e-33,3.869549052564947e-33,2.7241042700932554e-33,2.0405506214043997e-33,3.6874587001981286e-33,2.0683182775734876e-33,2.0843545413782797e-33,3.106692599797662e-33,2.5357468471208342e-33,2.078940402584785e-33,2.0528194541667657e-33,2.3042962253148986e-33,1.7453338643281646e-33,3.252791667266918e-33,3.207916654977086e-33,2.9437041901754655e-33,4.336995758059709e-33,1.702881043491608e-33,4.7826474580557216e-33,3.3172960262901225e-33
2024,Educación,114564143436.4144,62247990685.02573,1.5148764223633049,104.23069893910991,6040497269.618941,0.3957734296084995,0.0553136255088246,0.1459020771948572,0.2288031405695311,0.2636828302029788,0.4150533049601606,0.1119929856757113,0.543346188588009,0,0,-1,24,24,2.4339471784252707e-33,5.292640211653741e-33,2.0333831352880452e-33,1.959152926469439e-33,1.7419629152016703e-33,3.769726857942709e-33,1.986850645403383e-33,1.7177388310938038e-33,2.0477227201487596e-33,1.7937461198346268e-33,1.9721254578572743e-33,1.3818087854025416e-33,1.19488739904224e-33,1.898561832416179e-33,1.0798478408604185e-33,9.497771939253195e-34,2.7874848137639446e-33,1.0346987765100104e-33,1.989899086709052e-33,9.2254726068567e-34,1.66079720147871e-33,1.7520711236114668e-33,1.6413940381582525e-33,1.441416654268911e-33,1.0,3.8866224101241005e-33,2.5328183073972418e-33,2.5282315396466448e-33,1.5479728433200683e-33,1.7725257105638477e-33,1.6802697336038662e-33,1.2315623898309073e-33,1.9936972767525065e-33,1.7318062505275718e-33,1.0901012267385559e-33,1.2335896565932513e-33,2.4608147523692146e-33,1.3925098130346988e-33,1.4514523931395806e-33,3.0512577624372407e-33,2.1814862491269408e-33,1.778771374940778e-33,2.1126044173808397e-33,1.0629917441232866e-33,1.920415760862823e-33,2.0059063381128606e-33,1.1900707100635523e-33,3.0908148022074445e-33,1.3862841330651649e-33,1.8838141369481192e-33,2.510420746222005e-33,2.983332889314321e-33,1.2389696957198575e-33,1.5321072576240007e-33,1.4258230817854618e-33,2.1580440628815378e-33,2.7253964351605662e-33,1.4380514106562833e-33,1.8163310694715467e-33,1.720934778415117e-33,1.4084290874126273e-33,2.0592728732279635e-33,4.172291072911441e-33,1.5510405844787077e-33,1.816977659181461e-33,2.1631110242897386e-33,1.3111493766366819e-33,3.7843080413847114e-33,2.2054701014408994e-33,1.8819519412998212e-33,2.6426635131732442e-33,2.0862463776399995e-33,1.4832815460305268e-33,1.5632565928934904e-33,1.980576483109743e-33,3.152038021168284e-33,4.523760285996317e-33,2.7804186625577583e-33,2.6387220875999803e-33,2.9125092765748053e-33
2025,Educación,109958725258.5018,66890966152.85871,1.0840108590200694,89.39135852794736,3451619174.9825883,0.2896112838927719,0.0452171545128843,0.2343607140451684,0.1944481223908669,0.2345216412536186,0.4320528006975357,0.0087931892591517,0.608327952107528,1,0,-1,55,55,2.3129834511332036e-33,2.509225357437719e-33,2.0150172030771632e-33,2.8614380263545075e-33,3.801768988894042e-33,2.0490701325145028e-33,2.8187562408820335e-33,1.945484036119906e-33,1.243960178561708e-33,2.2483638066254105e-33,4.140856605521612e-33,1.2157664872298806e-33,1.747078216367448e-33,1.4684870572524746e-33,1.5754136839294276e-33,1.1205362526317537e-33,1.9372847339673057e-33,9.108563859028346e-34,3.3874793155170816e-33,1.31957931066257e-33,1.5195365227808735e-33,3.1483675128558135e-33,1.7228757983365183e-33,2.9101406300377975e-33,2.1580440628815378e-33,1.5980973247165983e-33,1.0509651982067726e-33,1.928207230853342e-33,1.9249378673358427e-33,1.2484065501931914e-33,9.432027049262532e-34,1.5405584672591047e-33,3.551439752323016e-33,1.8055559766502877e-33,1.45671215414457e-33,2.5770699966740985e-33,2.6901880373040348e-33,2.6481207716636373e-33,1.420082992407715e-33,1.7840694781736784e-33,2.2961072459819057e-33,1.2846805163794252e-33,2.5002242076984167e-33,1.9867480056900657e-33,1.9931619575471676e-33,1.403938329683437e-33,1.3435095359992902e-33,2.181725739051097e-33,1.2650013694238225e-33,1.9474836756256483e-33,1.3373327055563068e-33,2.769860814880957e-33,2.0491062314885216e-33,1.7991041982677158e-33,1.4398218998644291e-33,1.0,2.4319567799993524e-33,1.9136634124851912e-33,2.4937390568624378e-33,2.308704558358503e-33,1.4554185881739313e-33,1.9850767699691005e-33,1.7971109301116245e-33,1.9714861728480397e-33,1.333504930126531e-33,1.5527499511445306e-33,1.39701155363383e-33,3.46680492708491e-33,1.6505132673831595e-33,3.5713759888817116e-33,2.0403053877740682e-33,1.4975713037831132e-33,1.4916588488442468e-33,2.836708115118851e-33,3.34136124258281e-33,3.6993465793695436e-33,3.0889243075144095e-33,2.3204429534440194e-33,4.6380689061175355e-33,3.2130918057940106e-33
2016,Sedes y Seccionales,65795504339.40553,31717384437.46397,1.4550470530708262,132.25313080596712,4519136789.225881,0.3088357417692754,0.076119642232443,0.2676415430905828,0.1815378830659077,0.2332729751049865,0.5090705228208819,,0.4820600549522369,0,0,-1,72,72,6.169324557392561e-33,2.7096880032041814e-33,2.1170482858228715e-33,3.609639794125938e-33,2.3641596715402763e-33,3.1387448403951614e-33,1.3539876997171564e-33,1.0911450270633044e-33,1.1914017387144254e-33,2.768397277044318e-33,2.0033416390424083e-33,3.244153437031465e-33,1.0737966070694684e-33,1.4874791387270173e-33,2.4708361017440486e-33,1.2065045106219949e-33,1.623673192839447e-33,8.892561992705211e-34,1.4624263258654358e-33,7.556830198723086e-34,1.179212549174778e-33,1.2327279185445538e-33,1.3241031118510303e-33,8.582607056843295e-34,1.4832815460305268e-33,1.5037698448323075e-33,2.812970186015857e-33,1.4771483674291786e-33,1.3544691287404475e-33,1.591553566526507e-33,1.5097652925765255e-33,1.3292313445046305e-33,1.5507157802612076e-33,2.3467201190553452e-33,1.2506008764379384e-33,2.4783312602170308e-33,1.954601497780348e-33,1.1901015020335182e-33,1.4772259354239462e-33,2.2587591056649966e-33,1.6130693370410762e-33,1.1148072627413958e-33,1.7453338643281646e-33,2.8262500167781147e-33,1.2408834144853829e-33,1.049646567762012e-33,1.1519907901775268e-33,1.316046584259604e-33,1.9008100978760884e-33,2.1125355695644078e-33,2.0125774524740743e-33,1.5861787905651462e-33,1.6076995997458243e-33,2.5313140962823155e-33,1.3161436436356181e-33,1.4916588488442468e-33,2.3844252952838603e-33,2.3672219013679773e-33,8.238299910115328e-34,2.9430855204359935e-33,1.3083620236262214e-33,1.9676681856655627e-33,2.1305490348117863e-33,2.2731622579440327e-33,1.4243673661701232e-33,2.4139363824861743e-33,1.094858476939404e-33,1.544997434902321e-33,1.2141399256526582e-33,1.5598006993430753e-33,1.3249217768162659e-33,4.5383156730915144e-33,1.0,2.128484474244678e-33,2.0414715767264372e-33,2.1412348280993206e-33,2.6060948948035907e-33,1.4808094757518615e-33,2.255036974319658e-33,4.115246603773839e-33
2017,Sedes y Seccionales,70337959632.34299,36336663840.64108,,118.25383860902248,4036028165.4483953,0.289171758288226,0.0490149282254387,0.1901072459703897,0.1736669145180311,0.2411510678688226,0.408063635149364,0.0550233271054728,0.5166010505646322,0,0,-1,0,0,1.0,3.842915832010693e-33,2.5636732592888923e-33,4.9485603954645655e-33,3.0478601368807154e-33,8.345422350620061e-33,2.4004019710524505e-33,1.415111734304687e-33,1.5014547111064108e-33,2.8733798007521378e-33,3.1210123689425904e-33,2.5322358416927588e-33,1.1382363089333974e-33,1.5460006806098205e-33,3.738485706248989e-33,1.5521826422606978e-33,2.2815295505193774e-33,1.262812379331313e-33,1.850903438953961e-33,1.1502207944817631e-33,1.5764394940041792e-33,1.9094970611737685e-33,1.4287653079742472e-33,1.2308219859973044e-33,2.4339471784252707e-33,2.5490559498073836e-33,2.9320528296710623e-33,2.294640649013787e-33,1.4605617007347682e-33,2.354491949069928e-33,1.9682879572762276e-33,2.3172279664848056e-33,2.2705425408653777e-33,2.6499103103222668e-33,1.3718944128903696e-33,3.163407252583482e-33,2.444307717464861e-33,1.2247598476597523e-33,2.1069558010367526e-33,4.016199299491441e-33,2.8019496712271645e-33,1.491134204674151e-33,2.8664973637377316e-33,2.3840244331378815e-33,2.0102801802973642e-33,1.4195203134930952e-33,1.3247129305935522e-33,3.31485958352915e-33,1.5258106777803627e-33,2.218730378233058e-33,3.8325957494860924e-33,3.513155421250614e-33,1.735388333806552e-33,1.9051560569618656e-33,1.310335265418064e-33,2.3129834511332036e-33,3.3868670044380414e-33,3.191018042987275e-33,1.1804505589730644e-33,3.195606966090909e-33,1.751740558560988e-33,2.977085687084956e-33,3.481722681936117e-33,3.6362502412981965e-33,2.2230052412853528e-33,3.0336791056397576e-33,1.5602150028725057e-33,2.6531397827784748e-33,1.772669190125512e-33,2.5386016332318924e-33,2.0320062682361622e-33,3.614021351820886e-33,6.169324557392561e-33,2.462674256773982e-33,3.408812341128985e-33,4.72232067379797e-33,3.7318560364959735e-33,2.024658304776933e-33,5.050164417508518e-33,1.4723909641412095e-32
2018,Sedes y Seccionales,60948048795.15456,32967371864.181183,1.2985330412515956,40.50935480394774,6324312402.976638,0.3208291844442108,0.0969675990176689,0.2396039023275834,0.2098957184618526,0.2314105678142425,0.4220268685543029,0.0803433987946645,0.5409093894865118,1,0,-1,33,33,2.6499103103222668e-33,2.378515635439907e-33,1.7855046025685422e-33,3.0826419998453924e-33,2.4389339798340305e-33,2.950273290212906e-33,2.4019148793056712e-33,1.1058739546336193e-33,9.373710552241769e-34,1.7243528494165735e-33,2.7286127321922237e-33,3.197546117388359e-33,1.103828808373512e-33,1.584611610569249e-33,1.6364860359222116e-33,9.179248737916908e-34,1.207941966628503e-33,7.458598350093952e-34,1.65896788597776e-33,9.648030104802082e-34,1.0603549854648324e-33,1.2317753093735332e-33,1.5287992553604845e-33,1.3870734078566372e-33,1.7318062505275718e-33,1.4297826823541238e-33,1.6323138800300568e-33,2.105867298468898e-33,1.433527476832631e-33,1.4328322770024242e-33,1.1071142847698968e-33,1.0263730571551243e-33,1.341339247485716e-33,1.0,8.559345546594677e-34,1.631894571568251e-33,1.4751612219734755e-33,1.0707464973030394e-33,9.2803033489088e-34,2.3301266548540183e-33,1.2475895118652156e-33,1.321251467139853e-33,1.4771969599600884e-33,3.0960903546470695e-33,1.7638227850579742e-33,1.051482904570196e-33,1.0686828883801943e-33,1.95932980477063e-33,2.187602341718504e-33,2.350949390238086e-33,1.6872787621104174e-33,1.9962537475321807e-33,1.2141651999522517e-33,4.209273818221624e-33,1.4195511406889773e-33,1.8055559766502877e-33,7.580582601536738e-33,2.1296681849648418e-33,1.0466260854116211e-33,1.8292329121603478e-33,1.0033622584013972e-33,1.744523571630889e-33,2.5363821630575127e-33,2.5634997964872324e-33,1.1706429736321007e-33,2.5514455775975715e-33,1.0436799297534306e-33,3.027310062378952e-33,1.4043474471819275e-33,2.3134350192249967e-33,1.3634042404764426e-33,2.7436789817780314e-33,2.3467201190553452e-33,2.6446264426843542e-33,2.8108923052220526e-33,2.4914163774272122e-33,2.171673649749746e-33,1.3784532073074192e-33,3.1635112172898955e-33,5.141651006692865e-33
2019,Sedes y Seccionales,64156261768.34713,34188098216.349834,1.3418885532677884,86.88606408284123,7472654382.08968,,0.057226341094503,0.2057876450789685,0.178278328968774,0.2351941484037421,0.3796635750811294,0.0471370364649031,0.5328879406938462,0,0,-1,79,79,1.4723909641412095e-32,5.1895377668508406e-33,2.819805994594717e-33,6.1076728349820345e-33,4.239584773307864e-33,8.709763955224815e-33,3.031911200108173e-33,1.6957281512195656e-33,1.495676201575901e-33,2.8638291599555622e-33,4.6605273970623496e-33,3.106770747088978e-33,1.2207837258249365e-33,1.8609661270320564e-33,3.21798756744309e-33,1.4648561987299394e-33,2.2526020831733727e-33,1.1169712668166802e-33,2.4638013386612125e-33,1.2603905338457885e-33,1.5481161986868003e-33,1.9623176460859964e-33,1.769471284256793e-33,1.6085505755918263e-33,2.9125092765748053e-33,2.892653322231498e-33,2.741960421842953e-33,3.265208030257545e-33,1.5864253424665e-33,2.6832141248783e-33,1.805435699112435e-33,1.9925297072180718e-33,2.1397200360346195e-33,5.141651006692865e-33,1.3601108741066912e-33,3.165007208364939e-33,2.8767589547959255e-33,1.3458442831396905e-33,1.5456299102046843e-33,4.2737911127870164e-33,2.8804320073201332e-33,1.6197085914317848e-33,3.3172960262901225e-33,3.1020210603452004e-33,2.3272986877175387e-33,1.5816276190547598e-33,1.4618827504427607e-33,4.4698790517914815e-33,1.7633502855307714e-33,3.0880844243583135e-33,3.512337045160264e-33,4.253077615570689e-33,1.693227484102858e-33,2.7776120367161943e-33,1.6334269677812275e-33,3.2130918057940106e-33,5.7786465984367796e-33,3.9186710547795016e-33,1.4689232776975145e-33,4.0096479873377096e-33,1.5217255129327928e-33,3.7383802424878564e-33,4.364768883709182e-33,4.077514756692552e-33,2.3496848906733892e-33,3.954051550659117e-33,1.7211046883345848e-33,4.928437577769944e-33,2.3146788196997008e-33,3.464503881385424e-33,2.223700539328339e-33,3.986035324585804e-33,4.115246603773839e-33,3.835835355859174e-33,6.20388198371616e-33,5.878725351017554e-33,5.058414919628333e-33,2.2817400306922226e-33,7.047319186429966e-33,1.0
2020,Sedes y Seccionales,65083358481.67987,34833866234.82618,1.146197197709715,54.51408855218752,4332965185.622183,0.4061926008599901,0.0463354811400042,0.1278984080797461,0.2240610394461269,0.2719258841037897,0.4741537251659986,0.004181728552946,0.535219248782797,1,0,-1,27,27,2.294640649013787e-33,2.5848859502761294e-33,1.4816064728886168e-33,1.8452136311637295e-33,2.2882135416207994e-33,2.617598764911908e-33,1.3603733258905691e-33,1.3377776393123171e-33,1.5197328365516196e-33,1.3154727689413366e-33,1.5880009760611807e-33,1.4548547970922704e-33,7.705616289827605e-34,1.9739098302257396e-33,1.2447863303231713e-33,8.524003831688572e-34,1.0975294984520763e-33,1.376085449068256e-33,2.2204384005544425e-33,1.5109320996769398e-33,1.5937938790880663e-33,1.2188958205721552e-33,1.6765132254809886e-33,1.5586483998460863e-33,2.5282315396466448e-33,3.8879578657696436e-33,1.5986850822582215e-33,1.0,1.1482502440821619e-33,1.3741883320038239e-33,1.4141226081320525e-33,1.614940466369341e-33,1.7596113998142617e-33,2.105867298468898e-33,1.006637215964326e-33,1.4088903897721262e-33,1.3301122279908411e-33,1.2302396910968577e-33,1.0196049287433523e-33,1.732119119407999e-33,2.83822815164617e-33,1.2345368029007604e-33,1.3285255696638178e-33,1.4741728823204886e-33,1.3156947347947326e-33,1.055987908049135e-33,1.3498397380687018e-33,3.2120645831652725e-33,1.1914650959522671e-33,2.2755700595461237e-33,1.4696729986331484e-33,4.270684087510596e-33,7.956013445899903e-34,1.575919293828704e-33,1.3818597806811995e-33,1.928207230853342e-33,2.064721830154125e-33,1.4876667436639587e-33,1.5932875268442905e-33,1.7194470483529373e-33,1.0928110091376596e-33,1.4588328069058262e-33,1.5184365501699901e-33,1.1699974174100974e-33,1.691839103362104e-33,3.3501581802843016e-33,1.2431989559222935e-33,2.076276315910992e-33,1.90750922260951e-33,1.8161231077029437e-33,1.3088075625120236e-33,1.7527938342728564e-33,1.4771483674291786e-33,1.614394115953326e-33,2.4446589773398528e-33,3.705231708894093e-33,2.6319737601863358e-33,1.9368379748952704e-33,1.6712622208794135e-33,3.265208030257545e-33
2021,Sedes y Seccionales,58382366064.33834,37264441390.96215,1.2887704653487395,52.97062544116976,6942745866.621546,0.2165296020793981,0.0592878903078034,0.1081791324837676,0.1362290632329604,0.310844595243431,,-0.0500487485228087,0.6382824798483864,1,0,-1,19,19,1.1502207944817631e-33,1.0708390817444951e-33,7.536690832151471e-34,1.1573879332928527e-33,1.2438520646317536e-33,1.0848611516989037e-33,1.2801562593784415e-33,9.984512753942482e-34,7.76692931817906e-34,7.557292594636203e-34,9.848482587310452e-34,7.352304914279098e-34,6.2415073535246805e-34,9.90167492060805e-34,9.374238043684235e-34,6.636875406380078e-34,7.727229346108322e-34,1.6993920879737076e-33,1.2404202384684221e-33,1.0,2.0505556952919144e-33,8.987619327782815e-34,1.0153718404774247e-33,1.590903335330235e-33,9.2254726068567e-34,1.0871059682894291e-33,7.256183474845012e-34,1.5109320996769398e-33,6.857517754272914e-34,8.59652685423284e-34,6.343490280888619e-34,1.2380243714254178e-33,9.50048472163281e-34,9.648030104802082e-34,7.270380310755929e-34,1.1549853688156635e-33,8.357677061150182e-34,8.060472399203525e-34,7.418407383138756e-34,1.2041406082712286e-33,1.2375693461974083e-33,7.364968581451896e-34,1.3736660773582492e-33,1.056365946090823e-33,1.4497466527404333e-33,8.228044422903593e-34,8.420836877962887e-34,1.22449830992474e-33,8.461943635087655e-34,1.1459256219253326e-33,6.699525015832935e-34,2.4384410249695466e-33,7.3482369923128065e-34,8.413969742977356e-34,8.478803401766677e-34,1.31957931066257e-33,1.0013930916367815e-33,9.937137946396174e-34,1.0550945901209515e-33,9.005901943877996e-34,6.7889635309265435e-34,1.1297112910492255e-33,8.23877530578799e-34,7.89820673747554e-34,1.135199352887594e-33,1.1047360368353836e-33,8.864021405194136e-34,1.1018664915651356e-33,9.785401713394582e-34,1.160260263036874e-33,7.576625164590269e-34,8.816146610646987e-34,7.556830198723086e-34,1.1751209973660628e-33,1.3885877072150142e-33,1.8177645804433587e-33,1.1359373108014803e-33,8.574930993906846e-34,1.295896677879717e-33,1.2603905338457885e-33
2022,Sedes y Seccionales,63834983405.38364,33420037891.10951,1.2432123070754335,64.65167666150819,,0.3101381815797857,0.0191580716900915,0.1500383065695206,0.2223078040571286,0.2575022555887036,0.3296230692446067,0.0909569737742265,0.5235379741367798,0,0,-1,47,47,3.31485958352915e-33,2.3599733444327062e-33,1.7406982570137213e-33,1.8256111974216054e-33,2.158906705965543e-33,3.6481142953864275e-33,2.7929084823419038e-33,1.211900267064088e-33,1.2234590959881178e-33,1.555002137657092e-33,2.9051700888348972e-33,1.1993766778144151e-33,8.343383458296546e-34,1.2831948011901858e-33,1.914314186075845e-33,1.0315647631161996e-33,1.4415992601927593e-33,1.0345060443843467e-33,1.8158012610091124e-33,1.22449830992474e-33,1.1701424028991837e-33,1.8361631629113497e-33,1.0886496721458851e-33,1.2713086025998936e-33,3.0908148022074445e-33,2.7120272808966907e-33,1.51586570025479e-33,3.2120645831652725e-33,1.0814611217147553e-33,1.9359161454913134e-33,1.6530207013478796e-33,1.5809110204637054e-33,1.809307919345337e-33,1.95932980477063e-33,8.73185686399958e-34,1.282565915988975e-33,1.719419984823184e-33,9.472198553472851e-34,1.1805157164000039e-33,1.7823281817565983e-33,2.4168163819712536e-33,1.2949791710224655e-33,1.6471410050233544e-33,1.1826491247961472e-33,1.517528238696031e-33,1.1228813527432987e-33,9.981801024707523e-34,1.0,9.778097134177821e-34,1.4744674150241682e-33,3.2268047788310804e-33,3.400592555029027e-33,9.750921367004043e-34,1.334316520665742e-33,9.743312899268254e-34,2.181725739051097e-33,2.200547298928489e-33,1.7318277232252776e-33,1.5366631424935408e-33,1.7460195368331894e-33,1.3328085968695225e-33,1.7149637386305637e-33,2.3450697437070586e-33,2.041879438240321e-33,1.558137512072154e-33,1.7710195172797774e-33,1.2839998120600187e-33,3.4129272735723186e-33,1.803497995447363e-33,3.0118537143942592e-33,1.7441236663933948e-33,1.418842205431872e-33,1.316046584259604e-33,1.7829648186353425e-33,3.307767309350447e-33,2.7131166662878447e-33,2.3568451965093016e-33,2.020508498425116e-33,2.5043764793656632e-33,4.4698790517914815e-33
2023,Sedes y Seccionales,68688848566.37004,36619218584.47681,1.3392174208829293,57.64711505308109,-1608523271.2064795,0.3144983673621307,0.0430871114320954,0.2655730304791158,0.1250201248358755,0.2503387886959461,0.4079939578711508,0.0402812056397873,0.5331173741993037,1,0,-1,74,74,3.408812341128985e-33,2.6095281403166687e-33,1.8137022471027722e-33,2.394064773503871e-33,6.610430754150345e-33,3.2392199642930476e-33,3.025821851460293e-33,1.9414605877615363e-33,1.3118792786414385e-33,1.740032508732118e-33,5.906079485226255e-33,1.6516981676427707e-33,1.1934548707935414e-33,1.382970162910757e-33,2.8809092949210827e-33,9.632250023279564e-34,1.7423161881567567e-33,1.1208681284197042e-33,3.502564267220688e-33,1.3885877072150142e-33,1.461485161066369e-33,2.6321829026928346e-33,1.693084812291889e-33,1.364764692798081e-33,1.980576483109743e-33,2.1335568973976615e-33,1.6188170196458656e-33,2.4446589773398528e-33,1.6044482017567664e-33,1.711413618163809e-33,1.2563072812889627e-33,1.4237105245364506e-33,1.4240307136312315e-33,2.8108923052220526e-33,9.626778203543847e-34,2.2053110431191906e-33,2.3408655933122785e-33,1.4982861562808607e-33,1.1515531405914817e-33,1.9156168064869323e-33,3.0399836592779653e-33,1.3341275726431847e-33,3.207916654977086e-33,2.0848918625514346e-33,2.177813421701935e-33,1.5235496629034034e-33,1.0451606365743483e-33,3.307767309350447e-33,1.5097684298456028e-33,3.150301687891799e-33,1.85544017230154e-33,3.056020966860175e-33,1.3939894447810788e-33,2.874292222057247e-33,1.4157108760784064e-33,3.34136124258281e-33,2.2935374060006204e-33,2.5241025662734332e-33,1.718817976566836e-33,2.6113186592297204e-33,1.2848939479464128e-33,2.1782874591475024e-33,2.1840891337120073e-33,2.407595670119981e-33,2.2155526519750848e-33,2.3211995271909893e-33,1.7173793551734788e-33,4.46359072712322e-33,2.2812306871170765e-33,4.382599368225723e-33,1.470087797116723e-33,1.9530440485416275e-33,2.0414715767264372e-33,6.476392466124844e-33,1.0,2.3388966217170695e-33,4.675704549549737e-33,1.8486943286014808e-33,3.183194115659436e-33,6.20388198371616e-33
2024,Sedes y Seccionales,64057386148.95217,32245158944.261284,1.589212415126553,54.47979729278064,1638987572.481452,0.2989853767349968,0.0972312824766363,0.2667994225438159,0.1952087657946468,0.2282347657583958,0.5423689054916767,0.0367318599323593,0.503379249182629,1,0,-1,53,53,1.9051560569618656e-33,2.5206516212698396e-33,1.5677294518182922e-33,2.633475196570926e-33,3.527659446174971e-33,2.0106710517373407e-33,2.09025879958463e-33,1.163400834599404e-33,8.194954481953478e-34,1.5258887810048761e-33,2.1141838683462767e-33,2.060951745486445e-33,1.3105347313963486e-33,1.637403781745645e-33,1.3113941034501495e-33,7.900830939269866e-34,1.29716783448871e-33,7.0446761704158075e-34,2.3239182524702018e-33,8.413969742977356e-34,1.2138199594063814e-33,1.2808612390699411e-33,1.176141956322071e-33,1.1505868040849633e-33,1.5321072576240007e-33,1.1138074207287882e-33,1.412124451459643e-33,1.575919293828704e-33,1.4167671590768929e-33,1.089596432573216e-33,9.907967063763845e-34,8.044207274819322e-34,1.2668029867200708e-33,4.209273818221624e-33,8.534464499146995e-34,1.4181478615304443e-33,1.5791174879776063e-33,1.3178842454919111e-33,9.073527503209788e-34,1.6518066092527243e-33,1.1626686714308236e-33,1.0030573813776227e-33,1.4838315852334424e-33,3.171541109367274e-33,1.3049527334458963e-33,9.480927194404373e-34,8.705287501116959e-34,1.334316520665742e-33,1.9571290915575726e-33,3.0254533639820597e-33,1.238140108022926e-33,1.4782791860217152e-33,1.3086087272558411e-33,1.0,1.405239179921043e-33,1.7991041982677158e-33,2.1727503448156248e-33,1.4428190847053173e-33,1.0315952980282721e-33,2.1877905635255708e-33,9.165142607502492e-34,1.6526336656394684e-33,1.5504900131356085e-33,1.3938175898822366e-33,9.621817520266958e-34,1.4781832531934334e-33,8.278006035941937e-34,2.1243252723979912e-33,1.1305368502694228e-33,2.631254710718734e-33,1.1388875551813903e-33,2.3047665084197063e-33,2.5313140962823155e-33,2.9975182230268815e-33,2.874292222057247e-33,1.5394835506060526e-33,2.8337086202633474e-33,1.3422785689250223e-33,1.8738159892072966e-33,2.7776120367161943e-33
2025,Sedes y Seccionales,62096537097.68805,32148239425.336555,1.0281300040200576,81.00392701305815,3994299455.1327376,0.2892962812878862,0.0622751194575967,0.2251784018661664,0.1328425218386629,0.2402595951640868,0.5031332305966707,0.0259006758061463,0.5177138843469177,1,0,-1,4,4,3.0478601368807154e-33,2.1868431042431862e-33,1.660934007226692e-33,2.7455170551850028e-33,1.0,2.411473163824524e-33,2.071670779704641e-33,1.6048641066353867e-33,1.0917634429553763e-33,2.2285658764685e-33,3.383669536492052e-33,1.976217661809777e-33,1.2151499490045854e-33,1.1261340320339408e-33,1.9421161757679027e-33,8.968637947787112e-34,1.7889762444466694e-33,1.0187582021413722e-33,2.517389482605219e-33,1.2438520646317536e-33,2.050639920715147e-33,1.880758831245323e-33,1.6015248665610942e-33,1.3586568847048046e-33,1.7419629152016703e-33,1.896588317987007e-33,1.1973639244411064e-33,2.2882135416207994e-33,2.631487502364422e-33,1.0267568787957624e-33,9.297242790162937e-34,1.3471021844124935e-33,1.9759095946513998e-33,2.4389339798340305e-33,1.206452490098205e-33,1.863304725309005e-33,2.0951530175510828e-33,1.7081444250934325e-33,1.1509986363626502e-33,1.824585037386038e-33,3.060416083257946e-33,9.479906098858714e-34,2.2732436102732525e-33,2.6715974860843684e-33,1.887467749468105e-33,1.2269694702897854e-33,9.199290057878926e-34,2.158906705965543e-33,1.1829114223640368e-33,3.0349795175993706e-33,1.641852335550633e-33,3.0796843306025137e-33,1.4518122467429647e-33,3.527659446174971e-33,1.3101693913333221e-33,3.801768988894042e-33,1.84455665224776e-33,2.2899584243977926e-33,1.372704693449775e-33,3.0353590565486683e-33,9.613524135577174e-34,1.5501160043194164e-33,1.613735967309924e-33,1.9236823009928335e-33,1.5576269965801227e-33,1.947382127739539e-33,1.203733620473837e-33,2.2910806092962825e-33,1.5075845420913575e-33,3.898762368356362e-33,1.4781763759775492e-33,1.5645192981158717e-33,2.3641596715402763e-33,2.6903776799160798e-33,6.610430754150345e-33,2.2707913024717827e-33,4.1212632476345615e-33,1.5115291699006264e-33,2.885372462687941e-33,4.239584773307864e-33
2016,Institutos,81972253788.63937,42702207316.315575,1.1652065526174884,88.98636462303102,6335817431.093542,0.4224288292662225,0.0778440017027567,0.2085286685528102,0.162013295933481,0.2709271351372312,0.3952168014287351,0.0294759955706287,0.5209348937314899,1,0,-1,65,65,3.0336791056397576e-33,3.1710319041952604e-33,1.9531769644538277e-33,2.3837265888002436e-33,1.947382127739539e-33,3.600899499484392e-33,1.257843079469741e-33,1.617552250696703e-33,2.3102376525314875e-33,1.9993741189553794e-33,1.963402541419401e-33,4.080250627347951e-33,8.881621726918205e-34,1.688275234546905e-33,1.739241019064301e-33,1.0830694892240691e-33,1.5388776033742873e-33,1.4557696425580518e-33,1.4242090626404018e-33,1.1047360368353836e-33,1.552929689725697e-33,1.143379386427773e-33,3.517690195439032e-33,1.1796464328900634e-33,2.1631110242897386e-33,4.7987976481157734e-33,3.0845534260461244e-33,3.3501581802843016e-33,1.4151479413403496e-33,1.8510237875389416e-33,1.5578679214209836e-33,1.9537324859497114e-33,1.3288175374819968e-33,2.5514455775975715e-33,1.2170930591367354e-33,2.050464117007425e-33,1.9100096226962244e-33,1.183109041379026e-33,1.1781544853200096e-33,2.7565259213300844e-33,3.025493175361628e-33,1.5749340694113278e-33,2.0683182775734876e-33,1.882602126252254e-33,1.896746592586043e-33,1.709666433302397e-33,1.6398290555985934e-33,1.7710195172797774e-33,1.946684563328913e-33,2.5185517872475235e-33,1.9768203807131274e-33,3.8910253446181035e-33,1.066922683154886e-33,1.4781832531934334e-33,1.8342023936540275e-33,1.5527499511445306e-33,3.386479656833885e-33,3.788974091846413e-33,1.1507908876399638e-33,2.2415930849625828e-33,1.131478992590678e-33,1.7826826691312236e-33,3.10662616938746e-33,2.0460554694824275e-33,3.7600068070921776e-33,1.0,2.0144392751869218e-33,2.25313478354207e-33,2.858202347418955e-33,1.5227334039777054e-33,1.600568071723284e-33,3.391900397161441e-33,2.4139363824861743e-33,1.9824695970304722e-33,2.3211995271909893e-33,3.75279112005228e-33,3.39628572545135e-33,1.776961741718579e-33,2.364747103390995e-33,3.954051550659117e-33
2017,Institutos,79466679357.30127,36418977656.14899,1.1620494424977683,,11694595162.749365,0.3517485054995147,0.1153320614220374,0.2173195269964329,0.162639810468054,0.2341047711262686,0.3880177539811255,0.0380659732830824,0.4582924308740839,0,0,-1,11,11,2.5322358416927588e-33,2.296867731102301e-33,2.082311911091409e-33,3.579591379600018e-33,1.976217661809777e-33,2.7442759433261976e-33,1.1860705284350038e-33,1.1694293294736973e-33,1.1157859541917682e-33,2.3602401909382628e-33,1.8252564846048286e-33,1.0,9.647617807243479e-34,1.1787319912956133e-33,1.6393662282111135e-33,1.2351389034698836e-33,1.553982205427203e-33,8.948608273099247e-34,9.62705295885133e-34,7.352304914279098e-34,1.2233171965918272e-33,8.705175991090097e-34,1.689164073259187e-33,9.240521357277044e-34,1.3818087854025416e-33,1.6906239122573505e-33,2.18538026117076e-33,1.4548547970922704e-33,1.4013641699632186e-33,1.239325192913282e-33,1.2165000667994488e-33,1.3289567587165225e-33,1.1742963529451082e-33,3.197546117388359e-33,1.2258247075381163e-33,1.6464956118077196e-33,1.7793224552410542e-33,9.125936036410785e-34,1.0572452831908667e-33,2.358734117375018e-33,1.5390542120842222e-33,1.0815491255041605e-33,1.685971257424611e-33,3.101431486436657e-33,1.532043328576734e-33,1.2282927623564082e-33,1.1488281429467066e-33,1.1993766778144151e-33,1.6927401948631754e-33,2.0823468289179743e-33,2.1243460798563955e-33,1.9238842674739355e-33,1.2562125082915315e-33,2.060951745486445e-33,1.506769478710813e-33,1.2157664872298806e-33,3.0307092297555144e-33,4.367339937721845e-33,7.6859161549796414e-34,2.9609856687404393e-33,8.33123822071052e-34,1.5090204006432644e-33,2.3687154176537287e-33,2.222572550381984e-33,1.6355561573451167e-33,4.080250627347951e-33,1.2089805054356486e-33,1.6307971154220927e-33,1.5543111774874464e-33,1.562636211066308e-33,1.583012766908788e-33,3.132692455287566e-33,3.244153437031465e-33,1.6970426384802668e-33,1.6516981676427707e-33,2.0608107272784343e-33,2.2738965371511695e-33,1.2569037411216837e-33,2.288896308803373e-33,3.106770747088978e-33
2018,Institutos,78015051662.17247,40837959190.06778,1.3184308142782135,66.56949318489873,16766030668.952995,0.2484666818911097,0.0915100187168481,0.2365281638274422,0.1728164599608359,0.2187606750549695,0.4785154886452615,-0.0396480178326081,0.5234625667737535,0,0,-1,43,43,2.3840244331378815e-33,2.1325564831409914e-33,1.8549848862944254e-33,6.045781256202427e-33,2.6715974860843684e-33,2.1513887191182788e-33,1.8275927883544705e-33,1.228599027077319e-33,8.48693218367279e-34,1.6361470474020072e-33,2.1147077388807595e-33,3.101431486436657e-33,1.0826280652918223e-33,1.597891872368857e-33,2.0039770057629266e-33,1.3130056428362828e-33,1.1925506546335906e-33,8.364599950319048e-34,1.6635950254812435e-33,1.056365946090823e-33,1.2125705145894875e-33,1.0360976694796148e-33,1.2656234215889371e-33,1.4648049747024372e-33,1.0629917441232866e-33,1.0482952036279302e-33,1.2694124649744282e-33,1.4741728823204886e-33,1.1933548649113738e-33,1.1871448558008668e-33,1.0108627028769439e-33,1.368852474089482e-33,1.5759806290457534e-33,3.0960903546470695e-33,1.3869639820518652e-33,2.4353976922829706e-33,1.4592926696361913e-33,1.2567322902782081e-33,9.874769182096044e-34,1.7607437174404234e-33,1.3116726458888374e-33,8.930083970247845e-34,1.6505202601058753e-33,1.0,1.4470755202687708e-33,9.089501687278945e-34,1.3219133824286392e-33,1.1826491247961472e-33,1.7355487778286743e-33,2.9448231988918493e-33,1.1608163978160164e-33,1.8789007138644948e-33,1.653952659297869e-33,3.171541109367274e-33,1.7077488164798408e-33,1.9867480056900657e-33,2.4860199118687458e-33,2.342078188692659e-33,1.0102682735924426e-33,2.678722191833148e-33,9.218316999481501e-34,2.0855605356018085e-33,1.373249923711085e-33,1.638263176837927e-33,1.0988818715245083e-33,1.882602126252254e-33,1.0619587257208621e-33,1.6804285576448388e-33,1.1859788466930425e-33,2.2009496844446664e-33,1.2068363376613165e-33,2.5781242491147895e-33,2.8262500167781147e-33,2.9931383351348667e-33,2.0848918625514346e-33,2.3747147561029252e-33,2.039841997626118e-33,1.305013857907141e-33,2.574714896269992e-33,3.1020210603452004e-33
2019,Institutos,84240807790.99437,41793762397.065895,1.0214508925976236,107.7724935881754,5819995538.209627,0.3098834355865162,0.0794728875959831,0.269897869283858,0.1609740892837424,,0.2663577119151032,0.0105954287356441,0.496122526516582,0,0,-1,57,57,3.191018042987275e-33,2.356904276821771e-33,2.724157052161668e-33,3.348393646604814e-33,2.2899584243977926e-33,2.6785916794074543e-33,1.5410917296076243e-33,1.4721676190553141e-33,1.3957336155426807e-33,4.375072652460287e-33,3.7708467002924464e-33,4.367339937721845e-33,1.0932361943639898e-33,1.1503936416309239e-33,3.288942340259899e-33,1.7820733991395083e-33,1.9179775076817424e-33,1.1337370360949475e-33,1.0951192601733227e-33,9.937137946396174e-34,1.2798595091342662e-33,1.3102971793471283e-33,2.0601162651824433e-33,1.073391198609971e-33,1.4380514106562833e-33,2.093154340103376e-33,1.8226930486164724e-33,1.4876667436639587e-33,1.278697647988146e-33,1.842699834931337e-33,1.3186399889644629e-33,2.228201117245944e-33,1.4177577521871603e-33,2.1296681849648418e-33,1.3924258343929477e-33,2.7342944008936868e-33,3.596718932812441e-33,1.0187502318686168e-33,1.3613199646178262e-33,2.0434659990249526e-33,2.443713017280194e-33,1.3396110632401531e-33,2.877734925614756e-33,2.342078188692659e-33,1.7967880447926208e-33,1.5359807646662898e-33,1.4042040304497454e-33,1.7318277232252776e-33,1.6000059084244453e-33,1.5912934872544853e-33,2.690919474579887e-33,2.535669440854258e-33,1.6199851519014167e-33,1.4428190847053173e-33,1.3568043635162983e-33,1.9136634124851912e-33,2.8880836733442497e-33,1.0,9.577801189893678e-34,4.744399808188646e-33,1.1406930337856013e-33,1.7881631045275094e-33,2.9910619439136772e-33,4.672798395011267e-33,2.468255047379742e-33,3.788974091846413e-33,1.9131536225112014e-33,2.277068514325076e-33,2.216821386995833e-33,2.2475160333296283e-33,2.0597911570941337e-33,2.3477620741775092e-33,2.3672219013679773e-33,2.492395347027464e-33,2.5241025662734332e-33,2.5870858097198267e-33,2.4969190472379712e-33,1.6958520131866257e-33,3.3308814232134655e-33,3.9186710547795016e-33
2020,Institutos,88815345486.20586,48808511024.47886,1.4982981442788854,115.78919531568464,7215369278.586036,0.3652489740186552,0.0736406955366682,0.2348278283643269,0.2009337052173817,0.2500605488024896,0.307489127522765,0.1250314401828751,0.5495504268691882,0,0,-1,62,62,3.481722681936117e-33,5.085484029822997e-33,2.3337163498511483e-33,2.357689082248294e-33,1.613735967309924e-33,4.264439618546677e-33,2.368627227032214e-33,1.4350439475859214e-33,1.6639394334490725e-33,2.8447036878601336e-33,2.7324462875280003e-33,2.3687154176537287e-33,1.2496595698775735e-33,1.5022386321465985e-33,1.6235290445740534e-33,1.1623639658296422e-33,2.917084501811597e-33,8.620107248758697e-34,1.4234351075798295e-33,8.23877530578799e-34,1.2159293049116396e-33,1.641965177809591e-33,1.7949711496506153e-33,1.1555674213729672e-33,4.172291072911441e-33,2.574892249359638e-33,3.0439936174465004e-33,1.5184365501699901e-33,1.4186449501102476e-33,2.8160765457619464e-33,1.5632036912978838e-33,1.2441507078735505e-33,1.4470013683676162e-33,2.5363821630575127e-33,1.0526180898080962e-33,1.7138289390192575e-33,3.373428378389139e-33,1.077237427094808e-33,1.4100319570277488e-33,4.2867421627055595e-33,1.6997545332284833e-33,1.963098675651673e-33,2.7241042700932554e-33,1.373249923711085e-33,2.1979973916417548e-33,2.1158918399564976e-33,1.1878694728769681e-33,2.3450697437070586e-33,1.8710441649780944e-33,1.614711077058625e-33,3.6467798421329595e-33,2.4136230419268207e-33,1.6315762347775e-33,1.5504900131356085e-33,1.332209065902651e-33,1.7971109301116245e-33,4.881364739782577e-33,2.9910619439136772e-33,1.157626625813286e-33,2.0899433723596046e-33,1.4044958359464427e-33,2.6254991842610927e-33,1.0,4.1053450406533676e-33,2.0742062980403833e-33,3.10662616938746e-33,1.4826877698994495e-33,4.425780189132989e-33,2.0835953702677308e-33,1.9014557467222616e-33,2.502514620757687e-33,3.1031039036767215e-33,2.1305490348117863e-33,1.9442941363219988e-33,2.1840891337120073e-33,2.7410063568328312e-33,3.7856713749258266e-33,1.968902923280287e-33,4.16054494573962e-33,4.364768883709182e-33
2021,Institutos,86850349836.78622,48375245578.66163,1.154899149907966,83.16843797595918,4310000696.714934,0.3191534129926625,0.0579521784979262,0.1063691144522848,0.1542956063413371,0.2715492253258029,0.3993394788265717,,0.556995402661831,1,0,-1,51,51,3.513155421250614e-33,3.4961159152920874e-33,1.7545160115897838e-33,2.882817241274203e-33,3.0796843306025137e-33,4.064717087304366e-33,2.38325847836042e-33,1.9944532528764356e-33,1.704627317912946e-33,1.7221080461818052e-33,2.1561993562158178e-33,1.9238842674739355e-33,1.0528830204338493e-33,1.5179060628826712e-33,1.628090453038235e-33,1.1192162057132779e-33,1.9832039654810205e-33,2.2261576573681802e-33,2.0100535082442654e-33,2.4384410249695466e-33,3.706360402531335e-33,1.7017402444713387e-33,2.0317140132787487e-33,2.2026359659257657e-33,2.983332889314321e-33,4.375919379031112e-33,1.640595926387802e-33,4.270684087510596e-33,1.6030302395952206e-33,1.451404998747042e-33,1.2849544902816214e-33,2.5909352190946526e-33,2.1904405083590367e-33,1.9962537475321807e-33,1.3194754470841125e-33,2.0304289040162366e-33,1.9014679416268452e-33,1.3736272776414733e-33,1.539791608531108e-33,3.6307116050623896e-33,4.509086641843829e-33,1.4274728052909222e-33,2.9551080967633813e-33,1.8789007138644948e-33,3.308359608291751e-33,1.803185862960736e-33,1.3477055600369393e-33,3.400592555029027e-33,1.260451471374368e-33,2.5517876375416944e-33,1.919584963783749e-33,1.0,1.230991488358013e-33,1.4782791860217152e-33,1.4860263185540478e-33,2.769860814880957e-33,2.4591900080810654e-33,2.535669440854258e-33,1.8029963761882363e-33,2.1590798133073954e-33,1.180661407528003e-33,2.0764204171607113e-33,2.4136230419268207e-33,1.731572871287737e-33,2.917339675715832e-33,3.8910253446181035e-33,1.738756870388793e-33,2.8480085204492112e-33,2.4531315519277342e-33,2.9270404489315247e-33,2.0461561116244507e-33,1.9050988039426176e-33,1.5861787905651462e-33,1.8926190684258757e-33,3.056020966860175e-33,6.993485995760788e-33,4.6436750044034726e-33,1.949042028929375e-33,3.7552602913160216e-33,4.253077615570689e-33
2022,Institutos,96560218772.82063,51894356109.69922,1.70168906342089,106.8343803210573,4031227054.646995,0.3666792547197336,0.0685340359835043,0.1845838757793226,0.2183932179997492,0.2470997464699926,0.4058441766607576,0.0294609259791408,0.5374299765392229,0,0,-1,1,1,3.842915832010693e-33,1.0,2.922189333656192e-33,4.2219725519116206e-33,2.1868431042431862e-33,5.208164493019301e-33,2.5813263261113142e-33,1.9808715379609338e-33,1.79865420825355e-33,2.394137212635229e-33,2.278455596643155e-33,2.296867731102301e-33,1.4948929812001863e-33,3.384226336859374e-33,1.530369400551159e-33,1.4005938855291714e-33,2.9970053328214597e-33,1.1584571767555572e-33,2.6715935006050277e-33,1.0708390817444951e-33,1.825076049209632e-33,1.799385312081588e-33,1.7391797556144194e-33,1.7384572285651093e-33,5.292640211653741e-33,2.8019385613302826e-33,3.659523481444411e-33,2.5848859502761294e-33,1.2918172419720036e-33,2.8564269915238545e-33,2.1541016027952636e-33,1.5162206440658872e-33,2.086598925877329e-33,2.378515635439907e-33,1.4281921208353933e-33,2.4139652953558743e-33,3.721077227198716e-33,1.54229920364228e-33,1.7797095351250352e-33,4.6536449367596886e-33,2.160305074957042e-33,2.0298805561333087e-33,3.204648736926907e-33,2.1325564831409914e-33,1.9209651902664352e-33,1.919080095147758e-33,1.7079106707337416e-33,2.3599733444327062e-33,2.1724935040154006e-33,2.8490856873610763e-33,2.38319627027822e-33,3.4961159152920874e-33,1.7202307192467898e-33,2.5206516212698396e-33,1.9616266554796083e-33,2.509225357437719e-33,3.560558984363202e-33,2.356904276821771e-33,1.6417538866117502e-33,3.619372747572029e-33,1.7087032656127535e-33,4.783563835111515e-33,5.085484029822997e-33,1.8579014949447166e-33,2.0429135922171187e-33,3.1710319041952604e-33,1.4506385452056449e-33,4.350923438489549e-33,2.363832346661834e-33,2.7330450980567382e-33,2.583289598489448e-33,5.490952924433993e-33,2.7096880032041814e-33,2.6782328070405096e-33,2.6095281403166687e-33,4.32845395158369e-33,1.0946839070473424e-32,3.248180112530996e-33,3.31796646408038e-33,5.1895377668508406e-33
2023,Institutos,94862291806.21336,55192825634.89855,1.5968712220016068,57.92190663329646,-1436194526.0637827,0.2031915578991444,0.0528395979487331,0.2085982730857041,0.1994190090431236,0.2402234650408361,0.3817788604223049,0.0931493808314623,0.5818204956258868,1,0,-1,6,6,2.4004019710524505e-33,2.5813263261113142e-33,1.6602014993603134e-33,2.375849732523023e-33,2.071670779704641e-33,2.6799797452933725e-33,1.0,1.297981957034414e-33,8.846035344491473e-34,1.3925739200854733e-33,3.27084022963268e-33,1.1860705284350038e-33,1.5020807279415554e-33,1.4148527099719802e-33,1.7296820968635214e-33,9.991650154419472e-34,1.6012998477438118e-33,8.516309146906055e-34,2.4203960678371723e-33,1.2801562593784415e-33,1.2231119622695104e-33,2.7059023339138296e-33,1.0171422774900562e-33,1.8311646464842302e-33,1.986850645403383e-33,1.1668832839757532e-33,1.1848968589538918e-33,1.3603733258905691e-33,1.1957223815065552e-33,1.5235095489226972e-33,1.1046336006372833e-33,1.0980640688985115e-33,1.711140926737372e-33,2.4019148793056712e-33,8.165257516927473e-34,1.63682090434296e-33,1.701634307860856e-33,1.2047491770287098e-33,1.2889626250834275e-33,2.0888722844046264e-33,1.274459964624316e-33,1.4074937577606108e-33,2.0604506116858416e-33,1.8275927883544705e-33,2.2605237201302698e-33,1.1775299576870104e-33,9.28881954532178e-34,2.7929084823419038e-33,1.4394210812283831e-33,1.6673728230915943e-33,1.5609518921015084e-33,2.38325847836042e-33,1.7084820576623486e-33,2.09025879958463e-33,1.0785174840021923e-33,2.8187562408820335e-33,2.5697245781753272e-33,1.5410917296076243e-33,1.5657108792970255e-33,1.5181572060572542e-33,1.4481774774646396e-33,2.258288662117498e-33,2.368627227032214e-33,2.0931761450819784e-33,1.080836823033031e-33,1.257843079469741e-33,1.0516980510706375e-33,4.1599748140173675e-33,1.3000636773729097e-33,5.57024107073402e-33,1.5843366061528222e-33,1.6265699474667046e-33,1.3539876997171564e-33,2.750650577190382e-33,3.025821851460293e-33,2.190422546613875e-33,2.5136409734877446e-33,1.6565874867176036e-33,3.909355433304406e-33,3.031911200108173e-33
2024,Institutos,95938397015.83038,50738856653.68054,1.514532426190588,102.16142523402934,-2030357185.4035544,0.368902850197998,0.0620293378490483,0.1989157949612423,0.1522830881451025,0.2501614542150387,0.4498219885959628,0.040798943806812,0.5288691309414764,1,0,-1,76,76,3.7318560364959735e-33,1.0946839070473424e-32,2.3340739526238694e-33,3.194043184122298e-33,4.1212632476345615e-33,4.6447417755120916e-33,2.5136409734877446e-33,2.600315941822586e-33,1.938513939966241e-33,2.2780417754236483e-33,2.7637223818731766e-33,2.2738965371511695e-33,1.6046654090028005e-33,1.93353920260082e-33,1.6487474573557547e-33,1.0946615219494154e-33,3.6159765899257195e-33,1.3267197717494654e-33,3.3094993029634356e-33,1.1359373108014803e-33,2.4476688843588396e-33,2.410899750461982e-33,2.0883698530498884e-33,1.5777382862916388e-33,4.523760285996317e-33,3.509446804553035e-33,2.628028897246576e-33,2.6319737601863358e-33,1.982923775851649e-33,1.7875875060176184e-33,1.5792547627543105e-33,1.503761993355357e-33,1.9167710987107395e-33,2.171673649749746e-33,1.3357527473690527e-33,2.3624845179066293e-33,3.671292431487525e-33,1.9419890251374054e-33,1.738130824994227e-33,3.772247498576129e-33,3.584972925859334e-33,1.7388821856209288e-33,4.336995758059709e-33,2.039841997626118e-33,2.4660320179140937e-33,2.4078137149627544e-33,1.286194359548616e-33,2.3568451965093016e-33,1.742513770145542e-33,3.9006873745825125e-33,2.250299617426985e-33,4.6436750044034726e-33,1.6913649889341194e-33,2.8337086202633474e-33,1.855973349864123e-33,3.0889243075144095e-33,2.5029777666709082e-33,2.4969190472379712e-33,1.840958711698006e-33,3.576647393095216e-33,1.4758648181759596e-33,2.9838765816329096e-33,3.7856713749258266e-33,1.88779978678774e-33,2.7700231013751983e-33,3.39628572545135e-33,1.6685945203961343e-33,4.259026646367e-33,2.70330942485412e-33,3.5521722244131936e-33,2.3229489192357794e-33,3.169243951735781e-33,2.6060948948035907e-33,3.0318403420754223e-33,4.675704549549737e-33,3.2920394381453974e-33,1.0,2.6271538113218816e-33,3.371129813769254e-33,5.058414919628333e-33
2025,Institutos,92638679342.211,47942645816.9161,1.2691849098504158,60.31654168640532,-17079781242.224829,0.2435015469160113,0.0535152930351894,0.2045124427991947,0.194067174869984,0.2343058141741049,0.3887035148303462,0.0378570905344368,0.5175229845388236,1,0,-1,69,69,2.5386016332318924e-33,2.7330450980567382e-33,2.0593902971402654e-33,2.8942316971921057e-33,3.898762368356362e-33,2.6289864023469104e-33,5.57024107073402e-33,1.4346852223659791e-33,9.409278816584122e-34,1.8856267157725726e-33,4.182537410407207e-33,1.562636211066308e-33,1.7410265651826487e-33,1.2506227294990442e-33,2.0108299316819677e-33,1.10873816451635e-33,1.6711892496664344e-33,1.0390437688618647e-33,2.1836027208481714e-33,1.160260263036874e-33,1.3969030777214757e-33,3.310408902296857e-33,1.1226491615780119e-33,1.623841367505878e-33,1.8819519412998212e-33,1.4769947730226575e-33,1.1919966144105132e-33,1.8161231077029437e-33,1.3960572462798008e-33,1.239906299177385e-33,1.2156253721817862e-33,1.333878166904032e-33,1.990497935743146e-33,2.3134350192249967e-33,8.952626010033932e-34,2.0601238751350752e-33,2.1920555701407938e-33,1.3187726407898288e-33,1.650546600357266e-33,1.7197470621262035e-33,1.9175054420036814e-33,1.544139610251638e-33,2.078940402584785e-33,2.2009496844446664e-33,1.769223163356913e-33,1.1717895791439982e-33,9.607833017753325e-34,3.0118537143942592e-33,1.2518226261782333e-33,1.7706627308323056e-33,1.972699412170861e-33,2.9270404489315247e-33,1.4486757712707428e-33,2.631254710718734e-33,1.070792445201991e-33,3.5713759888817116e-33,2.143658732431692e-33,2.2475160333296283e-33,1.4676898210966184e-33,2.7721533405945907e-33,1.5264137248272957e-33,1.6255710448919267e-33,1.9014557467222616e-33,2.0612389967812496e-33,1.2286866646541006e-33,1.5227334039777054e-33,1.1359418257348021e-33,3.4186613632760495e-33,1.5588545597045212e-33,1.0,1.8864802033364648e-33,1.5901903226533696e-33,1.5598006993430753e-33,2.9365812151892398e-33,4.382599368225723e-33,2.202954429066327e-33,3.5521722244131936e-33,1.989474942036711e-33,3.022781651765711e-33,3.464503881385424e-33
2016,Nivel Central,240684855900.87064,132097374182.3852,1.3878873581508095,93.61135316019336,23525970567.23397,0.3711459639807974,0.0616298179740682,0.2175494150602769,0.239321566990612,0.2583279581570644,0.3581876430769773,-0.06663316454045,0.5488395756681563,0,1,-1,46,46,1.3247129305935522e-33,1.7079106707337416e-33,3.0381388007820832e-33,1.7445549832058085e-33,9.199290057878926e-34,1.6027683324945323e-33,9.28881954532178e-34,2.1805327794139894e-33,2.596390354292442e-33,1.1579731656351493e-33,1.2446467705314551e-33,1.1488281429467066e-33,1.074609022793513e-33,2.8496322308194003e-33,1.0769807822525545e-33,2.941700008893077e-33,1.3038593549312683e-33,1.0631692849146916e-33,1.0919594495318155e-33,8.420836877962887e-34,8.672470795853092e-34,9.032343460373879e-34,1.9211057640327032e-33,1.683356534971723e-33,1.1900707100635523e-33,1.2153005201382696e-33,1.3201157725305359e-33,1.3498397380687018e-33,8.302618074087985e-34,1.514914715302258e-33,1.7150893596897024e-33,2.5680263834007205e-33,1.6615630332053405e-33,1.0686828883801943e-33,2.704111356352397e-33,1.592203087998567e-33,1.6232405259011725e-33,1.7061951322966678e-33,1.185116908626349e-33,1.1745702474736551e-33,1.3720895138205256e-33,1.4003011195440904e-33,1.2491226870460597e-33,1.3219133824286392e-33,1.2541477517890507e-33,1.5461031199963404e-33,1.0,9.981801024707523e-34,1.8154245798398392e-33,1.496360826404944e-33,9.395399039902635e-34,1.3477055600369393e-33,1.6571423515419164e-33,8.705287501116959e-34,4.156600030585188e-33,1.3435095359992902e-33,1.643785568605212e-33,1.4042040304497454e-33,1.775180226825755e-33,1.4219581733276816e-33,1.4852585316553699e-33,1.739768899341394e-33,1.1878694728769681e-33,9.993642960233629e-34,1.4229153118606996e-33,1.6398290555985934e-33,2.7742762511179397e-33,1.5354925129631612e-33,2.4420157808379782e-33,9.607833017753325e-34,1.9627027574723626e-33,2.0275982602622564e-33,1.1519907901775268e-33,1.3760836360128825e-33,1.0451606365743483e-33,2.0809803862240053e-33,1.286194359548616e-33,3.296680348037517e-33,1.3888572060267684e-33,1.4618827504427607e-33
2017,Nivel Central,235740641804.16302,111335177072.30092,1.402537976104727,122.96939378590886,21570875751.88907,0.2556736573660497,0.0569521100396714,0.1973215411906235,0.2199701121218881,0.2288798023851541,0.2294584816879209,-0.0468826382160513,0.4722782470609818,0,1,-1,15,15,1.5521826422606978e-33,1.4005938855291714e-33,3.67584463290743e-33,2.1843495493375095e-33,8.968637947787112e-34,1.648811292005278e-33,9.991650154419472e-34,1.4196672049385854e-33,1.2727102794633258e-33,1.3582376604542886e-33,1.3781921868771026e-33,1.2351389034698836e-33,1.0561180424034157e-33,1.2449586197346485e-33,1.4688368035084973e-33,1.0,1.5644795648740263e-33,8.996180589462087e-34,7.568945155807484e-34,6.636875406380078e-34,7.531804561106728e-34,8.673876403839443e-34,9.605334241712946e-34,1.0438095885920396e-33,9.497771939253195e-34,9.345493204218271e-34,1.2019286840470566e-33,8.524003831688572e-34,7.057067137489637e-34,1.43894183254331e-33,1.842981658219197e-33,2.8030266247220086e-33,1.470925736820739e-33,9.179248737916908e-34,2.439636206025985e-33,1.5219363075266216e-33,1.8419080232782912e-33,9.42315662473961e-34,1.4845180379922721e-33,1.117840065297869e-33,1.1788391461566118e-33,1.0899114635607138e-33,1.3723732759066606e-33,1.3130056428362828e-33,1.1028063958220172e-33,1.2332624410637828e-33,2.941700008893077e-33,1.0315647631161996e-33,1.1012528995984154e-33,1.0422509189270471e-33,1.3474630196996429e-33,1.1192162057132779e-33,2.1101003797733527e-33,7.900830939269866e-34,1.5488583831563804e-33,1.1205362526317537e-33,1.3282145297224814e-33,1.7820733991395083e-33,1.0060112103573851e-33,1.89300658915356e-33,1.3248216013903282e-33,1.664109749658465e-33,1.1623639658296422e-33,1.25015452190965e-33,1.1799436084281319e-33,1.0830694892240691e-33,1.8931215877320588e-33,1.2875848210773748e-33,1.6125920636189322e-33,1.10873816451635e-33,2.4272574820124583e-33,1.597587459038671e-33,1.2065045106219949e-33,1.2243497142924013e-33,9.632250023279564e-34,1.5135313861300597e-33,1.0946615219494154e-33,2.1076731893397885e-33,1.5160795347909332e-33,1.4648561987299394e-33
2018,Nivel Central,237752397076.9665,124081464812.08788,1.2319301710311432,86.95786807315346,15995760721.032022,0.3759075271275922,0.0400123850145296,0.2437449161468492,0.1052600074699779,0.2686590460687039,0.2972601578977327,0.0128026452262243,0.5218936437133779,1,1,-1,66,66,1.5602150028725057e-33,1.4506385452056449e-33,2.4763950792575518e-33,1.4109700047971716e-33,1.203733620473837e-33,2.0427128133056825e-33,1.0516980510706375e-33,4.5670461505404014e-33,4.958206578448014e-33,1.1441412630236244e-33,1.868974881519757e-33,1.2089805054356486e-33,1.0720146965161221e-33,1.2536520066996864e-33,1.5234057851469988e-33,1.8931215877320588e-33,1.9449051797816106e-33,1.409158186888788e-33,1.1022576111150454e-33,8.864021405194136e-34,9.837616645161429e-34,1.2319979921390925e-33,2.5967094508738058e-33,1.2083917075839214e-33,1.3111493766366819e-33,1.7620955378077688e-33,1.425582403528202e-33,1.2431989559222935e-33,1.1699572514762238e-33,1.4549190697847258e-33,1.576648014535751e-33,3.139748698388829e-33,1.204131497703394e-33,1.0436799297534306e-33,1.7719807444155873e-33,1.4957688789804032e-33,1.9470331341214985e-33,1.616807836942257e-33,1.2151373968292543e-33,1.262954913031305e-33,2.6664187472615552e-33,1.4584680010101872e-33,2.0843545413782797e-33,1.0619587257208621e-33,2.2306847894608386e-33,3.944268693354716e-33,2.7742762511179397e-33,1.2839998120600187e-33,1.3694109764952827e-33,1.745795848756514e-33,1.255063210905206e-33,1.738756870388793e-33,1.698763274847615e-33,8.278006035941937e-34,2.835784256202078e-33,1.39701155363383e-33,1.4418268031041506e-33,1.9131536225112014e-33,2.0769916989304097e-33,1.4102500624551043e-33,1.3477622205132376e-33,1.5751617145165123e-33,1.4826877698994495e-33,1.36649684623435e-33,4.020339579954999e-33,2.0144392751869218e-33,1.0,2.0562480354790595e-33,7.200691304758602e-33,1.1359418257348021e-33,2.2039451654252623e-33,1.5401457961658638e-33,1.094858476939404e-33,1.6995991994126338e-33,1.7173793551734788e-33,1.696614444361229e-33,1.6685945203961343e-33,2.5050972558635044e-33,1.7181745107653694e-33,1.7211046883345848e-33
2019,Nivel Central,230483942387.17133,119881336238.22548,1.307921555257103,121.0669757134077,14948792519.496267,0.4429085099791788,0.0431824276572027,0.2207152545356568,0.1647045188281776,0.2903849697651772,0.4047529603273183,0.0399295112463225,0.5201287994147832,0,1,-1,8,8,1.5014547111064108e-33,1.79865420825355e-33,2.2239092834028262e-33,1.1829782640241574e-33,1.0917634429553763e-33,1.979296872100844e-33,8.846035344491473e-34,3.1079107288134986e-33,1.0,1.257910435320929e-33,1.334628375912025e-33,1.1157859541917682e-33,9.996666483743503e-34,1.5872291039082824e-33,1.060912466970517e-33,1.2727102794633258e-33,2.075176476001966e-33,1.4172769530901703e-33,1.1608459166677767e-33,7.76692931817906e-34,1.1369597194958976e-33,1.1518940164449266e-33,3.208113699035453e-33,1.0493164419506139e-33,2.0477227201487596e-33,2.7165407136139973e-33,1.851287430645145e-33,1.5197328365516196e-33,1.2897585905484221e-33,1.4037254360461277e-33,1.7848435908212616e-33,2.1030424215110083e-33,1.389120045819491e-33,9.373710552241769e-34,1.7413219417171693e-33,1.1831865137181257e-33,1.9773121268535505e-33,1.915486523108114e-33,1.307854894820392e-33,1.3403478251986936e-33,2.7613613159960915e-33,1.5279796603665743e-33,1.5567826364614274e-33,8.48693218367279e-34,1.629643558562499e-33,3.575522348464441e-33,2.596390354292442e-33,1.2234590959881178e-33,1.460918547433817e-33,1.6216259629288032e-33,1.280692084552466e-33,1.704627317912946e-33,1.3486666672894604e-33,8.194954481953478e-34,2.6505603108121666e-33,1.243960178561708e-33,1.3498097477628236e-33,1.3957336155426807e-33,1.9241335914311464e-33,1.2668797247165313e-33,1.4411781414997197e-33,1.3705028221413264e-33,1.6639394334490725e-33,1.0999173567169959e-33,3.3321802073060934e-33,2.3102376525314875e-33,4.958206578448014e-33,1.703867661170789e-33,4.4366145687133304e-33,9.409278816584122e-34,2.1349848920592583e-33,1.669715634435233e-33,1.1914017387144254e-33,1.212045983927389e-33,1.3118792786414385e-33,1.7144364945530235e-33,1.938513939966241e-33,3.134611630021566e-33,1.3422737904665265e-33,1.495676201575901e-33
2020,Nivel Central,231939025396.9935,123366022710.37566,1.517192804606124,70.28723722336382,34401447319.25624,0.3842321511672969,0.0838237852465397,0.2379843529783198,0.1654257119933512,0.2551839802145535,0.4577636741870804,-0.0170113379006783,0.5318898900226852,0,1,-1,54,54,1.310335265418064e-33,1.9616266554796083e-33,2.645608151498994e-33,1.8634838403619498e-33,1.3101693913333221e-33,1.8749176688737142e-33,1.0785174840021923e-33,4.1938955709308205e-33,2.6505603108121666e-33,1.1040339934215745e-33,1.4431338812246842e-33,1.506769478710813e-33,1.21887354997076e-33,2.8049772567303357e-33,1.0258541067644961e-33,1.5488583831563804e-33,1.758945698025585e-33,9.66595217205046e-34,1.4791171375077294e-33,8.478803401766677e-34,1.1204022468084412e-33,9.092470890202243e-34,2.8386117781054614e-33,1.6946324564779363e-33,1.4258230817854618e-33,1.2989758893250219e-33,1.469219806250449e-33,1.3818597806811995e-33,1.3045678270686959e-33,1.2535437099879579e-33,1.3382665416309583e-33,1.550464647323284e-33,1.405629072715279e-33,1.4195511406889773e-33,2.6407197510370634e-33,1.2725643838651215e-33,1.7265976064818385e-33,2.6141824724505908e-33,9.18355741427775e-34,1.400395441003032e-33,1.5109579379897048e-33,1.1177842909616446e-33,1.5882073054556008e-33,1.7077488164798408e-33,1.8928914103463517e-33,2.3211086214240832e-33,4.156600030585188e-33,9.743312899268254e-34,2.439580910264007e-33,3.789650111040114e-33,9.349377141921563e-34,1.4860263185540478e-33,2.0988202133868922e-33,1.405239179921043e-33,1.0,1.4398218998644291e-33,1.746314094053168e-33,1.3568043635162983e-33,2.2810112926692902e-33,1.4841350817691603e-33,1.0058762629298322e-33,2.0382706854929378e-33,1.332209065902651e-33,1.0048852102959061e-33,1.6869397379128322e-33,1.8342023936540275e-33,2.835784256202078e-33,1.965747463405274e-33,3.0102280428766774e-33,1.070792445201991e-33,1.8509139015805137e-33,2.302116343016082e-33,1.3161436436356181e-33,1.8660789551475487e-33,1.4157108760784064e-33,1.7655704560783777e-33,1.855973349864123e-33,2.5459336557585646e-33,1.576104326020487e-33,1.6334269677812275e-33
2021,Nivel Central,216025109087.69083,113434190427.31996,1.1170608411837126,146.65053578919614,46883716949.12749,,0.0662618385910389,0.1807140300616244,0.1771846465563483,0.2365172470533124,0.4204142017117352,-0.0554779760511556,0.5250972486780402,0,1,-1,34,34,1.3718944128903696e-33,1.4281921208353933e-33,2.202971430234556e-33,1.849484272450764e-33,1.206452490098205e-33,1.392116333613102e-33,8.165257516927473e-34,1.9961471537177577e-33,1.7413219417171693e-33,1.43732344603544e-33,1.1421226919633231e-33,1.2258247075381163e-33,9.524165972571838e-34,1.2554375535667334e-33,9.8441373789958e-34,2.439636206025985e-33,1.948446976219637e-33,8.409523942118545e-34,9.463738694273908e-34,7.270380310755929e-34,1.1180374133078716e-33,7.71499036775751e-34,1.481821466962756e-33,1.2809153483593393e-33,1.0901012267385559e-33,1.1405213208861362e-33,9.883087941228529e-34,1.006637215964326e-33,1.1540484293846463e-33,9.578413630855299e-34,9.96331414171836e-34,2.1934989297741442e-33,2.086171973665461e-33,8.559345546594677e-34,1.0,1.2454908811181742e-33,1.7915284053128054e-33,1.7009740486508526e-33,1.0404687465847945e-33,1.2068670891188916e-33,1.586621469040945e-33,7.330987037240733e-34,1.3976906731457497e-33,1.3869639820518652e-33,1.2553839579562611e-33,1.4555695714372866e-33,2.704111356352397e-33,8.73185686399958e-34,9.80622578734537e-34,1.5159024200499494e-33,9.789048248130226e-34,1.3194754470841125e-33,2.3304339399546472e-33,8.534464499146995e-34,2.6407197510370634e-33,1.45671215414457e-33,1.1442230963854791e-33,1.3924258343929477e-33,1.3286978826550281e-33,1.689881757108484e-33,8.371387967006549e-34,1.56585929325381e-33,1.0526180898080962e-33,9.791543093988626e-34,1.3017522185240778e-33,1.2170930591367354e-33,1.7719807444155873e-33,1.1450817634292969e-33,1.5038130473698367e-33,8.952626010033932e-34,2.0402174429169665e-33,1.3332060017760274e-33,1.2506008764379384e-33,1.047075456926112e-33,9.626778203543847e-34,1.6981698842670137e-33,1.3357527473690527e-33,1.7803173261033664e-33,1.4899243956673917e-33,1.3601108741066912e-33
2022,Nivel Central,220480289352.75308,123124274584.8238,1.4623631651507207,131.78154250897614,18778601291.636063,0.2237470663544419,0.0768326124661331,0.2866099941947452,0.1643348915800297,0.2268572874030524,0.3988738607869475,0.0366695633658955,0.5584366518488805,0,1,-1,52,52,1.735388333806552e-33,1.7202307192467898e-33,2.945303553300539e-33,2.2930706191149523e-33,1.4518122467429647e-33,1.7144584624837254e-33,1.7084820576623486e-33,2.1630185578895372e-33,1.3486666672894604e-33,1.812977254334332e-33,2.0883352614290536e-33,1.2562125082915315e-33,2.7886688647528575e-33,1.2800098788103626e-33,1.3713972017606542e-33,2.1101003797733527e-33,3.241631400845471e-33,7.563196260005686e-34,1.2302915643161428e-33,7.3482369923128065e-34,1.0448450491397956e-33,1.5159956716861418e-33,1.4222886957660553e-33,1.4332921750943957e-33,1.2389696957198575e-33,9.081975054876726e-34,1.0767084583387348e-33,7.956013445899903e-34,1.5564517724406976e-33,1.1391288892922723e-33,1.0114029786536692e-33,1.3903022184174856e-33,1.977623197842844e-33,1.2141651999522517e-33,2.3304339399546472e-33,1.7850176483256084e-33,2.7660180334025473e-33,2.3180588633290002e-33,1.5702267704841075e-33,1.5362454955789743e-33,1.2100554797483914e-33,1.1399770930414575e-33,2.123805294362026e-33,1.653952659297869e-33,2.1316563476199864e-33,2.0292395027214744e-33,1.6571423515419164e-33,9.750921367004043e-34,1.7140433922102497e-33,1.5416209876774634e-33,1.1432776929780025e-33,1.230991488358013e-33,1.0,1.3086087272558411e-33,2.0988202133868922e-33,2.0491062314885216e-33,1.6608543432441752e-33,1.6199851519014167e-33,1.4393251210342737e-33,1.685290934844912e-33,1.3730597859556106e-33,2.0326441259789647e-33,1.6315762347775e-33,1.7144549895404978e-33,1.1580316020250554e-33,1.066922683154886e-33,1.698763274847615e-33,1.908712029653128e-33,1.445886222451848e-33,1.4486757712707428e-33,2.561239446696646e-33,1.7300161771098588e-33,1.6076995997458243e-33,1.7659269077388287e-33,1.3939894447810788e-33,1.5425187047316038e-33,1.6913649889341194e-33,1.9910379892348815e-33,2.7044289357610244e-33,1.693227484102858e-33
2023,Nivel Central,228423471597.2614,126772187733.0488,1.4741909700939635,114.82897142498206,,0.395354247335835,0.0747565078474581,0.199812023305427,0.0954180741164133,0.2659878853336112,0.31345524729834,0.0702614430222647,0.5549875713147541,1,1,-1,45,45,1.4195203134930952e-33,1.919080095147758e-33,1.9079223719092324e-33,1.3862088504274024e-33,1.2269694702897854e-33,1.9431249050926802e-33,1.1775299576870104e-33,5.304703951178471e-33,3.575522348464441e-33,1.2158334763657611e-33,1.4678961233628653e-33,1.2282927623564082e-33,1.7032527530942866e-33,1.152430656115491e-33,9.511778508132319e-34,1.2332624410637828e-33,4.569751236285801e-33,1.2393659751308937e-33,1.1001581941120747e-33,8.228044422903593e-34,1.419975471110568e-33,1.399297966502655e-33,2.6188312022094434e-33,1.3450684979956216e-33,2.0059063381128606e-33,1.8397484425736913e-33,1.4615230433304701e-33,1.055987908049135e-33,1.5328982440223733e-33,1.1824416299920656e-33,1.142008814013875e-33,1.4772656647349037e-33,1.1372207526293604e-33,1.051482904570196e-33,1.4555695714372866e-33,1.3250907396913103e-33,2.4598401999404327e-33,1.7075276859408633e-33,1.4270977240186411e-33,1.9746117331708344e-33,1.953793629310961e-33,1.782641416300258e-33,3.098167524102609e-33,9.089501687278945e-34,3.7807950147214545e-33,1.0,1.5461031199963404e-33,1.1228813527432987e-33,1.3925217646399316e-33,1.6684636423119316e-33,1.2524856298966955e-33,1.803185862960736e-33,2.0292395027214744e-33,9.480927194404373e-34,2.3211086214240832e-33,1.403938329683437e-33,1.4601512990989311e-33,1.5359807646662898e-33,1.8477024804951815e-33,1.3429572609151216e-33,1.1556782702234284e-33,1.6717729940070693e-33,2.1158918399564976e-33,1.2626448154179876e-33,3.3479580193349916e-33,1.709666433302397e-33,3.944268693354716e-33,2.394298265134433e-33,4.313619425463217e-33,1.1717895791439982e-33,3.0383850615214008e-33,1.5712896347497756e-33,1.049646567762012e-33,1.3559745226310566e-33,1.5235496629034034e-33,1.6073529809449048e-33,2.4078137149627544e-33,2.02199591042259e-33,1.9821358530154667e-33,1.5816276190547598e-33
2024,Nivel Central,231153553978.4891,136537769821.73187,1.2064340530615223,96.66954680817426,5816412206.773385,0.3410138678058848,0.0548131673141458,0.2689279539070255,0.1748930170166801,0.2479175151065036,0.5938484085649725,0.0043946059674252,0.5906799504992164,1,1,-1,37,37,1.2247598476597523e-33,1.54229920364228e-33,1.794070250871252e-33,1.3403541518134477e-33,1.7081444250934325e-33,1.3296089235014673e-33,1.2047491770287098e-33,2.839891292356617e-33,1.915486523108114e-33,1.189628175064537e-33,1.4961991161372099e-33,9.125936036410785e-34,2.1848847543162504e-33,1.5362766480814916e-33,9.09085758376913e-34,9.42315662473961e-34,1.661868346095043e-33,8.544260729985915e-34,2.1887873499679805e-33,8.060472399203525e-34,1.1593655773775e-33,1.7927149780458747e-33,2.1397794083761832e-33,1.866851822551722e-33,1.3925098130346988e-33,1.1057483265779598e-33,8.759261029180484e-34,1.2302396910968577e-33,2.3327702843812983e-33,8.049171094892844e-34,8.691171182586263e-34,1.1945394242208416e-33,2.3533013043269244e-33,1.0707464973030394e-33,1.7009740486508526e-33,1.4060125801517808e-33,1.6241926139555145e-33,1.0,1.2429966415507737e-33,1.0920289561118982e-33,1.5927436860522302e-33,1.1514189940250196e-33,1.283808691320254e-33,1.2567322902782081e-33,1.595541568962406e-33,1.7075276859408633e-33,1.7061951322966678e-33,9.472198553472851e-34,1.4686369728947178e-33,2.0070754974651598e-33,7.922667551919277e-34,1.3736272776414733e-33,2.3180588633290002e-33,1.3178842454919111e-33,2.6141824724505908e-33,2.6481207716636373e-33,1.2493642967712994e-33,1.0187502318686168e-33,3.142352581361099e-33,1.2007142055984635e-33,1.3908389740101333e-33,1.2184965074115734e-33,1.077237427094808e-33,9.584249989714913e-34,1.1104183677300091e-33,1.183109041379026e-33,1.616807836942257e-33,1.665494525195204e-33,1.570267598302295e-33,1.3187726407898288e-33,1.6216267648372275e-33,1.2800878019366442e-33,1.1901015020335182e-33,1.478361157568342e-33,1.4982861562808607e-33,1.4956874693990185e-33,1.9419890251374054e-33,2.4021049411626033e-33,1.4864192594429951e-33,1.3458442831396905e-33
2025,Nivel Central,241190038556.80087,138248782514.57654,1.442033481434362,109.39776381251777,-29607151896.39428,0.2727537271237621,0.0915129949193295,0.2576638105999659,0.191378782269182,0.2206391133932763,0.4249301886920005,0.0458693715214434,0.5731944127618629,1,1,-1,12,12,1.1382363089333974e-33,1.4948929812001863e-33,1.7816125948254372e-33,1.4730601929754923e-33,1.2151499490045854e-33,1.2110128723465246e-33,1.5020807279415554e-33,1.6016511529771735e-33,9.996666483743503e-34,1.2748318121181047e-33,1.414199229814742e-33,9.647617807243479e-34,1.0,1.0220611247150955e-33,8.298466713015858e-34,1.0561180424034157e-33,1.9419107197807765e-33,7.308786264425542e-34,1.1103141872458688e-33,6.2415073535246805e-34,9.37865310519276e-34,2.355355701209218e-33,1.1570454789848614e-33,1.4744450248656441e-33,1.19488739904224e-33,8.032962698333027e-34,8.304049706047194e-34,7.705616289827605e-34,1.414868539230576e-33,7.529042061135136e-34,8.182132639083783e-34,8.85784931554769e-34,1.4698290679606245e-33,1.103828808373512e-33,9.524165972571838e-34,1.6024184375285514e-33,1.8087362721906697e-33,2.1848847543162504e-33,2.1592008737173725e-33,1.2212663678995796e-33,9.512175816998415e-34,2.023808570310758e-33,1.380259126028754e-33,1.0826280652918223e-33,1.5770351783249378e-33,1.7032527530942866e-33,1.074609022793513e-33,8.343383458296546e-34,1.40065299814458e-33,1.0757227359292148e-33,8.977412409115369e-34,1.0528830204338493e-33,2.7886688647528575e-33,1.3105347313963486e-33,1.21887354997076e-33,1.747078216367448e-33,1.3240811904612594e-33,1.0932361943639898e-33,1.2631971597338573e-33,1.2569262561357805e-33,1.6979560431080905e-33,1.08797227852582e-33,1.2496595698775735e-33,1.1317008676768245e-33,8.533948134063436e-34,8.881621726918205e-34,1.0720146965161221e-33,1.680265223815227e-33,1.1919835792566346e-33,1.7410265651826487e-33,2.117362770464596e-33,1.2696259838834e-33,1.0737966070694684e-33,1.2672495087071132e-33,1.1934548707935414e-33,1.1740665849733148e-33,1.6046654090028005e-33,1.7008809007617386e-33,1.6454307239387647e-33,1.2207837258249365e-33
